offset,length,text
27304,5,Clear
27322,7,Default
27342,4,grey
27853,4,HBff
27974,4,Bq=7
27998,4,Bq=7
28022,4,Bq=7
28046,4,Bq=7
28091,4,)\?B
28422,5,?333?
28439,4,333?
28609,16,data/Cars/Car_1/
28936,5,Boxer
28954,16,data/Cars/Car_3/
29281,6,Lancea
29300,16,data/Cars/Car_4/
29476,5,?333?
29627,8,Mad Rash
29648,16,data/Cars/Car_5/
29824,6,?333?s
29975,7,Fortune
29995,16,data/Cars/Car_7/
30148,4,ff&?
30322,7,Insetta
30342,17,data/Cars/Car_10/
30670,6,Bullet
30689,17,data/Cars/Car_16/
30843,4,ff&?
30865,7,L?fff?a
31017,6,Nevada
31036,17,data/Cars/Car_19/
31190,4,ff&?
31213,5,?333?
31364,6,Lentus
31383,17,data/Cars/Car_24/
31540,5,?333?
31711,7,Ventura
31731,17,data/Cars/Car_26/
31888,6,?333?P
32059,7,Daytana
32079,17,data/Cars/Car_33/
32233,4,ff&?
32407,5,Chili
32425,16,data/Cars/Car_2/
32600,6,L?fff?
32752,6,Malice
32771,16,data/Cars/Car_6/
32809,4,Q8>p
32924,4,333?
32946,7,L?fff?@
33098,6,Banger
33117,16,data/Cars/Car_8/
33290,4,333?
33444,6,Shaker
33463,17,data/Cars/Car_13/
33637,4,333?
33791,8,Splitter
33812,17,data/Cars/Car_14/
33966,4,ff&?
33989,6,?333?.
34140,11,Switchblade
34164,17,data/Cars/Car_17/
34318,4,333?
34492,5,Venom
34510,17,data/Cars/Car_18/
34664,4,333?
34684,4,fff?
34838,10,Blaster XL
34861,17,data/Cars/Car_20/
35015,4,333?
35035,4,fff?
35189,6,Roamer
35208,17,data/Cars/Car_23/
35536,8,Pimpster
35557,17,data/Cars/Car_40/
35671,4,Zd;>
35901,10,Flatmobile
35924,17,data/Cars/Car_41/
36284,7,Mob Car
36304,17,data/Cars/Car_42/
36494,9,333?333?b
36648,10,School Bus
36671,17,data/Cars/Car_43/
36861,8,333?333?
37031,6,Rocket
37050,17,data/Cars/Car_44/
37394,5,Truck
37412,17,data/Cars/Car_45/
37772,11,Sparrowhawk
37796,16,data/Cars/Car_9/
37972,5,>333?
38139,6,Sunray
38158,17,data/Cars/Car_11/
38502,9,Vexter XS
38524,17,data/Cars/Car_12/
38868,8,Terrator
38889,17,data/Cars/Car_15/
39063,9,333?fff?Y
39233,8,Crusader
39254,17,data/Cars/Car_21/
39289,5,Q8>)\
39355,5,?fff>
39598,6,Canyon
39617,17,data/Cars/Car_22/
39774,5,?333?
39961,9,Road King
39983,17,data/Cars/Car_25/
40140,5,?333?
40160,5,?333?
40327,9,CTR Sport
40349,17,data/Cars/Car_27/
40506,5,?333?
40693,12,Chili Pepper
40718,17,data/Cars/Car_28/
41062,9,Bullet GT
41084,17,data/Cars/Car_29/
41261,5,?333?
41428,8,Scorpion
41449,17,data/Cars/Car_30/
41552,4,Q8=r
41793,13,Insetta Sport
41819,17,data/Cars/Car_31/
42163,12,Speedshifter
42188,17,data/Cars/Car_32/
42224,4,L=)\
42532,9,Speedevil
42554,17,data/Cars/Car_34/
42654,5,F>X94
42898,10,Starflight
42921,17,data/Cars/Car_38/
43265,11,Trailblazer
43289,17,data/Cars/Car_35/
43489,4,/CF|
43633,11,Afterburner
43657,17,data/Cars/Car_36/
44001,6,Rocket
44020,17,data/Cars/Car_37/
44220,4,/Cky
44364,7,Nucleon
44384,17,data/Cars/Car_39/
44793,5,?333?
45193,5,?333?
45488,4,@?3u
46324,4,Y?(s
46630,8,333?fff?
47398,4,fff?
47450,18,Emitter_FireSimple
47624,4,L>Pl
48124,4,@@\j
48320,4,u?rn
48550,17,Emitter_FireSpray
48704,4,L?1h
49184,4,@@Lf
49356,4,HCFj
49420,4,u?&j
49650,17,Emitter_FireTower
50750,19,Emitter_StreetSteam
50882,4,fff?
51118,4,fff?
51208,4,(?Pc
52258,6,fff?]]
52274,4,fff?
52352,4,L?lZ
52368,4,@?SZ
52438,12,flarealleya_
52531,4,fff?
52539,4,fff?
52655,12,flarealleyb_
52872,16,arenaguidearrow_
53093,11,arenalight_
53192,5,?fff?
53220,5,?fff?
53309,14,arenaredblink_
53528,17,arenaredblinktwo_
53750,11,flarearrow_
53966,12,flarearrowb_
54183,15,bigflarestatic_
54339,4,ff&?
54403,11,flareblink_
54551,10,33s?33s?*W
54619,10,blueblink_
54834,14,flarecitylamp_
54988,7,?fff?xU
55053,16,flarecitytunnel_
55153,9,?fff?33s?
55192,4,@?TO
55274,13,cornermarker_
55492,11,flarearrow_
55584,4,333?
55708,17,derbyflarestatic_
55744,4,L?MR
55840,10,Y?fff?fff?
55930,15,dyn_guidearrow_
56150,17,flarefactorylamp_
56372,12,flaresquare_
56589,11,flareflash_
56805,11,guidearrow_
57021,10,headlight_
57236,12,flarelaunch_
57329,4,fff?
57335,6,L?fff?
57453,12,orangeblink_
57481,5,?fff?
57670,20,orangeblinkoriented_
57706,5,?fff?
57895,14,racstreetlamp_
57922,6,ff&?ff
58032,4,B?<D
58114,12,racinglight_
58214,5,?fff?
58331,22,racinglargespotlights_
58441,5,?fff?
58558,16,racingredstatic_
58779,9,redblink_
58993,15,redracingblink_
59213,10,redstatic_
59428,17,smallflarestatic_
59650,11,flarespota_
59749,5,?fff?
59866,14,flarestadiona_
59968,5,?fff?
60085,13,stadionflash_
60303,14,stadionflashb_
60522,12,flarestairs_
60622,5,?fff?
60739,12,flarestatic_
60956,12,staticarrow_
61173,16,flarestreetlamp_
61394,13,flaretargeta_
61612,13,trafficblink_
61644,4,@?A;
61830,13,warningblink_
61862,4,@@g:
62186,4,L>N3
62236,4,fff?
62340,4,fff?
62346,4, @D4
62478,4,L>S2
62514,4,.>?2
62534,4,L=02
62802,4,L>$1
63586,4,L=[2
63736,4,fff?
63916,4,fff?
63932,4,fff?
64170,4,@@$-
64216,4,fff?
64254,8,L>333?22
64274,4,L>$3
64613,5,Q8>Q2
64690,4,P@=2
64972,4,fff?
65188,4,333?
65227,5,>fff?
65410,4,@@m/
65472,6,fff?3(
65548,6,fff?^&
65570,4,L>6&
65584,4,fff?
65610,4,L>b.
65766,4,L=)\
65908,4,333?
65926,6,L>333?
66254,4," @n,"
66268,6,333?`#
66286,4,"#<`,"
66302,4,"#<],"
66563,7,">333?k"""
66691,5,>fff?
66771,5,>fff?
66898,4, Au*
67250,4, B:*
68034,4, B*'
69440,4,fff?
69616,8,333?333?
69832,4,fff?
70224,4,ff&?
71008,4,fff?
71400,4,fff?
72360,9,333?333?K
74712,8,ff&?ff&?
75712,4,fff?
76496,4,fff?
76851,5,=333?
77848,8,333?333?
79632,4,fff?
80380,5,333?<
80416,4,fff?
81200,4,fff?
82700,6,333?33
82707,7,>333?33
83086,6,@?fff?
83838,6,@?fff?
83903,5,?333?
83947,5,?333?
83954,6,L?fff?
85069,4,`jEW
85727,5,>ff&?
85849,4,@NEK
86507,5,?333?
87024,6,ff&?33
87286,4,.?33
87807,5,?333?
88064,6,333?33
90664,4,333?
91186,4,k?ff
91706,4,n?ff
92226,4,k?ff
92484,6,33s?ff
93004,4,333?
93264,4,33s?
94044,6,fff?ff
94304,6,fff?ff
94856,8,ffV@ffV@
95340,6,)\O?)\
95347,7,=)\O?)\
95632,6,333?)\
95639,7,=333?)\
95737,4,G1@i
96029,4,G1@E
96216,6,333?)\
96223,7,=333?)\
96321,4,G1@!
96716,4,)\?@
96723,5,>)\?@
97862,4,#<33
97884,4,ffF@
97891,5,>ffF@
98068,9,33s@33s@I
98738,4,#<33
99636,4,33c@
99643,5,>33c@
100112,9,ffV@ffV@M
101096,4,333@
101103,5,>333@
101180,4,333?
101186,6,L=333?
101572,8,ffV@ffV@
101680,4,q=*@
101687,5,>q=*@
102156,9,)\O@)\O@Q
102350,4,u?)\
102358,4,u?)\
102376,4,333?
102382,6,L=333?
103226,4,:?)\
103234,4,:?)\
103516,6,)\O?)\
103523,7,=)\O?)\
103810,4,5?)\
103818,4,5?)\
104205,4,GQ@U
104578,4,#<33
105768,4,q=*@
105775,5,>q=*@
106060,4,33c@
106067,5,>33c@
106244,9,33s@33s@Y
106652,9,ff&?ff&? 
106968,8,ff&?ff&?
107168,8,333?333?
107188,8,333?333?
107284,8,ff&?ff&?
107600,8,ff&?ff&?
107800,9,333?333?}
107820,9,333?333?~
108432,8,333?333?
108452,8,333?333?
108548,8,ff&?ff&?
108864,8,ff&?ff&?
109064,8,333?333?
109084,8,333?333?
109180,9,ff&?ff&?@
109260,9,333?333?7
109496,9,ff&?ff&?+
109576,8,333?333?
109696,8,333?333?
109716,8,333?333?
109812,8,ff&?ff&?
110128,8,ff&?ff&?
110328,8,333?333?
110348,8,333?333?
110444,9,ff&?ff&?P
110760,9,ff&?ff&?;
110960,9,333?333?%
110980,9,333?333?&
111076,8,ff&?ff&?
111392,8,ff&?ff&?
111592,8,333?333?
111612,8,333?333?
111711,7,?ff&?`~
111754,4,u=`~
111914,4,L>T~
111934,4,L>V~
111954,4,#=V~
111974,4,#=W~
112027,7,?ff&?K~
112224,10,333?333?5~
112244,10,333?333?6~
112340,8,ff&?ff&?
112656,8,ff&?ff&?
112856,8,333?333?
112876,8,333?333?
112972,10,ff&?ff&?py
113058,4,L?gy
113178,4,L>dy
113198,4,L>fy
113218,4,#=fy
113238,4,#=gy
113288,10,ff&?ff&?[y
113374,4,L?Ny
113488,10,333?333?Ey
113508,10,333?333?Fy
113604,8,ff&?ff&?
113684,8,ff&?ff&?
113920,8,ff&?ff&?
114000,8,ff&?ff&?
114120,8,333?333?
114140,8,333?333?
114236,8,ff&?ff&?
114442,4,L>tt
114462,4,L>vt
114482,4,#=vt
114502,4,#=wt
114552,10,ff&?ff&?kt
114632,10,333?333?^t
114752,10,333?333?Ut
114772,10,333?333?Vt
114868,8,ff&?ff&?
115184,8,ff&?ff&?
115384,8,333?333?
115404,8,333?333?
115500,8,ff&?ff&?
115580,8,ff&?ff&?
115816,10,ff&?ff&?{o
116016,10,333?333?eo
116036,10,333?333?fo
116132,8,ff&?ff&?
116448,8,ff&?ff&?
116648,8,333?333?
116668,8,333?333?
116764,8,ff&?ff&?
117080,8,ff&?ff&?
117280,10,333?333?uj
117300,10,333?333?vj
117396,10,ff&?ff&?(h
117712,8,ff&?ff&?
117912,8,333?333?
117932,8,333?333?
118028,8,ff&?ff&?
118344,8,ff&?ff&?
118544,8,333?333?
118564,8,333?333?
118660,10,ff&?ff&?8c
118706,4,u=8c
118740,10,ff&?ff&?/c
118866,4,"L>,c"
118886,4,L>.c
118906,4,#=.c
118926,4,#=/c
118976,10,ff&?ff&?#c
119056,8,ff&?ff&?
119176,8,333?333?
119196,8,333?333?
119292,8,ff&?ff&?
119608,8,ff&?ff&?
119808,8,333?333?
119828,8,333?333?
119924,10,ff&?ff&?H^
120010,4,L??^
120090,4,L>?^
120130,4,L><^
120150,4,L>>^
120170,4,#=>^
120190,4,#=?^
120240,10,ff&?ff&?3^
120406,4,"L>""^"
120440,8,333?333?
120460,8,333?333?
120556,8,ff&?ff&?
120636,8,ff&?ff&?
120872,8,ff&?ff&?
120952,8,ff&?ff&?
121072,8,333?333?
121092,8,333?333?
121188,10,ff&?ff&?XY
121213,5,Ga>TY
121354,4,L>OY
121394,4,L>LY
121414,4,L>NY
121434,4,#=NY
121454,4,#=OY
121504,10,ff&?ff&?CY
121670,4,L>2Y
121704,10,333?333?-Y
121724,10,333?333?.Y
121820,8,ff&?ff&?
121900,8,333?333?
122136,8,ff&?ff&?
122216,8,333?333?
122336,8,333?333?
122356,8,333?333?
122452,10,ff&?ff&?hT
122477,5,Ga>dT
122658,4,L>\T
122678,4,L>^T
122698,4,#=^T
122718,4,#=_T
122768,10,ff&?ff&?ST
122968,10,333?333?=T
122988,10,333?333?>T
123084,8,ff&?ff&?
123164,4,333?
123400,8,ff&?ff&?
123480,4,333?
123600,8,333?333?
123620,8,333?333?
123716,10,ff&?ff&?xO
123741,5,Ga>tO
123762,4,u=xO
123796,10,333?333?oO
123922,4,L>lO
123942,4,L>nO
123962,4,#=nO
123982,4,#=oO
124032,10,ff&?ff&?cO
124058,4,u>^O
124112,10,333?333?VO
124232,10,333?333?MO
124252,10,333?333?NO
124348,8,ff&?ff&?
124664,8,ff&?ff&?
124864,8,333?333?
124884,8,333?333?
124980,8,ff&?ff&?
125060,8,333?333?
125186,4,L>|J
125206,4,L>~J
125226,4,#=~J
125296,10,ff&?ff&?sJ
125322,4,u>nJ
125376,10,333?333?fJ
125496,10,333?333?]J
125516,10,333?333?^J
125612,8,ff&?ff&?
125692,8,333?333?
125928,8,ff&?ff&?
126008,8,333?333?
126128,8,333?333?
126148,8,333?333?
126244,8,ff&?ff&?
126560,8,ff&?ff&?
126586,4,k>~E
126646,4,L?vE
126760,10,333?333?mE
126780,10,333?333?nE
126876,10,ff&?ff&? C
127192,8,ff&?ff&?
127392,8,333?333?
127412,8,333?333?
127508,8,ff&?ff&?
127529,4,Q8>{
127824,8,ff&?ff&?
128024,10,333?333?}@
128044,10,333?333?~@
128140,10,ff&?ff&?0>
128166,4,"k>,>"
128346,4,L>$>
128366,4,L>&>
128386,4,#=&>
128406,4,#='>
128456,8,ff&?ff&?
128656,8,333?333?
128676,8,333?333?
128772,8,ff&?ff&?
129088,8,ff&?ff&?
129288,8,333?333?
129308,8,333?333?
129404,10,ff&?ff&?@9
129610,4,L>49
129630,4,L>69
129650,4,#=69
129670,4,#=79
129720,10,ff&?ff&?+9
129920,8,333?333?
129940,8,333?333?
130036,8,ff&?ff&?
130116,8,ff&?ff&?
130352,8,ff&?ff&?
130552,8,333?333?
130572,8,333?333?
130668,10,ff&?ff&?P4
130694,4,u>L4
130754,4,L?G4
130874,4,L>D4
130894,4,L>F4
130914,4,#=F4
130934,4,#=G4
130984,10,ff&?ff&?;4
131070,4,L?.4
131184,10,333?333?%4
131204,10,333?333?&4
131300,8,ff&?ff&?
131616,8,ff&?ff&?
131816,8,333?333?
131836,8,333?333?
131932,10,ff&?ff&?`/
132158,4, AV/
132248,10,ff&?ff&?K/
132474,4, A6/
132770,4,@A#/
133266,4,"m>\,"
133346,4,"m>T,"
133490,4,"@AS,"
135290,4,@AK%
135802,4,"\B~"""
135882,4,"\Bu"""
136010,4,"@A{"""
149368,4,fff?
149596,4,fff?
149824,4,fff?
150339,5,?33s?
151140,4,fff?
151411,5,?fff?
151432,4,333?
151700,4,333?
152215,5,?33s?
152784,4,fff?
153600,4,fff?
154416,5,fff?_
154464,5,fff?b
155232,5,fff?/
155904,4,fff?
156064,4,fff?
156720,5,fff?_
156752,5,33s?_
156880,5,fff?Q
157536,5,fff?/
157568,5,33s?/
157696,5,fff?!
158352,4,fff?
158512,4,fff?
159008,5,fff?b
159056,5,33s?_
159824,5,fff?2
159872,5,fff?/
160640,4,fff?
160688,4,fff?
161456,4,fff?
162176,5,333?/
162192,5,fff?2
162992,4,333?
163008,4,fff?
163808,4,333?
163824,4,fff?
164592,4,fff?
164976,4,333?
165264,4,fff?
165792,4,333?
166080,4,fff?
166608,4,333?
166896,4,fff?
167712,5,fff?o
168384,4,fff?
168576,4,fff?
169200,4,fff?
169392,4,fff?
170016,5,fff?o
170208,5,fff?W
170832,5,fff??
171504,4,fff?
172320,5,fff?o
173136,5,fff??
173952,4,fff?
174624,4,fff?
174640,4,fff?
175488,5,fff?/
175504,5,fff?2
176352,4,fff?
176368,4,fff?
180610,4, AKy
180658,4,zDEy
180706,4,uC:y
180754,4,rF>y
180784,22,engine/ai_09_onlow.wav
180819,23,engine/ai_09_onhigh.wav
181021,6,9E333?
181095,21,damage/backfire_3.wav
181129,21,damage/backfire_5.wav
181163,22,damage/engdamage_1.wav
181198,22,damage/engdamage_2.wav
181233,22,damage/engdamage_3.wav
181268,22,damage/engdamage_4.wav
181424,8,p=?)\O?=
181535,19,engine/bus_idle.wav
181567,24,gearshift/truck_gear.wav
181604,32,gearshift/nitroshot_subsonic.wav
181649,25,gearshift/nitroloop_2.wav
181687,21,engine/bus_offlow.wav
181721,21,engine/bus_offmid.wav
181755,22,engine/bus_offhigh.wav
181790,20,engine/bus_onlow.wav
181823,20,engine/bus_onmid.wav
181856,21,engine/bus_onhigh.wav
181924,4, A)t
181972,4,ZD#t
182098,22,engine/ai_01_onlow.wav
182133,23,engine/ai_01_onhigh.wav
182335,6,ZE333?
182409,21,damage/backfire_3.wav
182443,21,damage/backfire_5.wav
182477,22,damage/engdamage_1.wav
182512,22,damage/engdamage_2.wav
182547,22,damage/engdamage_3.wav
182582,22,damage/engdamage_5.wav
182738,8,Q8?)\O?{
182835,4,(?br
182849,21,engine/Car01_idle.wav
182883,25,gearshift/gearshift_1.wav
182921,32,gearshift/nitroshot_subsonic.wav
182966,25,gearshift/nitroloop_2.wav
183004,23,engine/Car01_offlow.wav
183040,23,engine/Car01_offmid.wav
183076,24,engine/Car01_offhigh.wav
183113,22,engine/Car01_onlow.wav
183148,22,engine/Car01_onmid.wav
183183,23,engine/Car01_onhigh.wav
183427,22,engine/ai_01_onlow.wav
183462,23,engine/ai_01_onhigh.wav
183664,6,}E333?
183738,21,damage/backfire_3.wav
183772,21,damage/backfire_5.wav
183806,22,damage/engdamage_1.wav
183841,22,damage/engdamage_2.wav
183876,22,damage/engdamage_3.wav
183911,22,damage/engdamage_7.wav
183996,4,.>{m
184028,4, Blm
184080,4,c?Om
184164,4,E?1m
184178,21,engine/Car02_idle.wav
184212,25,gearshift/gearshift_1.wav
184250,32,gearshift/nitroshot_subsonic.wav
184295,25,gearshift/nitroloop_2.wav
184333,23,engine/Car02_offlow.wav
184369,23,engine/Car02_offmid.wav
184405,24,engine/Car02_offhigh.wav
184442,22,engine/Car02_onlow.wav
184477,22,engine/Car02_onmid.wav
184512,23,engine/Car02_onhigh.wav
184756,22,engine/ai_02_onlow.wav
184791,23,engine/ai_02_onhigh.wav
184829,4,HEri
184861,4,zDfi
184877,4,ZEai
184893,4,ZE[i
184994,5,E333?
185067,21,damage/backfire_8.wav
185101,21,damage/backfire_1.wav
185135,22,damage/engdamage_1.wav
185170,22,damage/engdamage_2.wav
185205,22,damage/engdamage_3.wav
185240,22,damage/engdamage_5.wav
185293,4,@?Sh
185309,4,k>Nh
185325,4,.>Jh
185357,4, B;h
185396,11,p=?)\O?q=J?
185507,21,engine/Car03_idle.wav
185541,25,gearshift/gearshift_4.wav
185579,32,gearshift/nitroshot_subsonic.wav
185624,25,gearshift/nitroloop_2.wav
185662,23,engine/Car03_offlow.wav
185698,23,engine/Car03_offmid.wav
185734,24,engine/Car03_offhigh.wav
185771,22,engine/Car03_onlow.wav
185806,22,engine/Car03_onmid.wav
185841,23,engine/Car03_onhigh.wav
186085,22,engine/ai_03_onlow.wav
186120,23,engine/ai_03_onhigh.wav
186158,4,MEAd
186190,4,zD5d
186206,4,mE0d
186222,4,mE*d
186323,5,E333?
186396,21,damage/backfire_3.wav
186430,21,damage/backfire_5.wav
186464,22,damage/engdamage_1.wav
186499,22,damage/engdamage_2.wav
186534,22,damage/engdamage_3.wav
186569,22,damage/engdamage_5.wav
186622,4,"@?""c"
186726,6,E?)\O?
186836,21,engine/Car04_idle.wav
186870,25,gearshift/gearshift_1.wav
186908,32,gearshift/nitroshot_subsonic.wav
186953,25,gearshift/nitroloop_2.wav
186991,23,engine/Car04_offlow.wav
187027,23,engine/Car04_offmid.wav
187063,24,engine/Car04_offhigh.wav
187100,22,engine/Car04_onlow.wav
187135,22,engine/Car04_onmid.wav
187170,23,engine/Car04_onhigh.wav
187240,4, Ae_
187287,5,@lD__
187336,4,uCT_
187384,4,rFX_
187414,22,engine/ai_04_onlow.wav
187449,23,engine/ai_04_onhigh.wav
187651,6,)E333?
187725,21,damage/backfire_1.wav
187759,21,damage/backfire_8.wav
187793,22,damage/engdamage_1.wav
187828,22,damage/engdamage_2.wav
187863,22,damage/engdamage_3.wav
187898,22,damage/engdamage_6.wav
188051,6,#?ff&?
188165,21,engine/Car05_idle.wav
188199,25,gearshift/gearshift_4.wav
188237,32,gearshift/nitroshot_subsonic.wav
188282,25,gearshift/nitroloop_2.wav
188320,23,engine/Car05_offlow.wav
188356,23,engine/Car05_offmid.wav
188392,24,engine/Car05_offhigh.wav
188429,22,engine/Car05_onlow.wav
188464,22,engine/Car05_onmid.wav
188499,23,engine/Car05_onhigh.wav
188569,4, A4Z
188617,4,wD.Z
188665,4,uC#Z
188713,4,rF'Z
188743,22,engine/ai_04_onlow.wav
188778,23,engine/ai_04_onhigh.wav
188980,6,^E333?
189054,21,damage/backfire_8.wav
189088,21,damage/backfire_1.wav
189122,22,damage/engdamage_1.wav
189157,22,damage/engdamage_2.wav
189192,22,damage/engdamage_3.wav
189227,22,damage/engdamage_6.wav
189387,4,zT?R
189480,4,E?mX
189494,21,engine/Car06_idle.wav
189528,25,gearshift/gearshift_4.wav
189566,32,gearshift/nitroshot_subsonic.wav
189611,25,gearshift/nitroloop_2.wav
189649,23,engine/Car06_offlow.wav
189685,23,engine/Car06_offmid.wav
189721,24,engine/Car06_offhigh.wav
189758,22,engine/Car06_onlow.wav
189793,22,engine/Car06_onmid.wav
189828,23,engine/Car06_onhigh.wav
190072,22,engine/ai_03_onlow.wav
190107,23,engine/ai_03_onhigh.wav
190309,6,sE333?
190383,21,damage/backfire_3.wav
190417,21,damage/backfire_5.wav
190451,22,damage/engdamage_1.wav
190486,22,damage/engdamage_2.wav
190521,22,damage/engdamage_3.wav
190556,22,damage/engdamage_7.wav
190673,4, BwS
190708,4,p=?=
190724,5,zT?ZS
190809,4,E?<S
190823,21,engine/Car07_idle.wav
190857,25,gearshift/gearshift_1.wav
190895,32,gearshift/nitroshot_subsonic.wav
190940,25,gearshift/nitroloop_2.wav
190978,23,engine/Car07_offlow.wav
191014,23,engine/Car07_offmid.wav
191050,24,engine/Car07_offhigh.wav
191087,22,engine/Car07_onlow.wav
191122,22,engine/Car07_onmid.wav
191157,23,engine/Car07_onhigh.wav
191401,22,engine/ai_03_onlow.wav
191436,23,engine/ai_03_onhigh.wav
191473,5,`NE}O
191506,4,zDqO
191522,4,OElO
191538,4,OEfO
191639,5,E333?
191712,21,damage/backfire_3.wav
191746,21,damage/backfire_5.wav
191780,22,damage/engdamage_1.wav
191815,22,damage/engdamage_2.wav
191850,22,damage/engdamage_3.wav
191885,22,damage/engdamage_6.wav
191938,4,@?^N
191954,4,k>YN
191969,5,Ga>UN
192002,4, BFN
192054,4,E?)N
192152,21,engine/Car08_idle.wav
192186,25,gearshift/gearshift_1.wav
192224,32,gearshift/nitroshot_subsonic.wav
192269,25,gearshift/nitroloop_2.wav
192307,23,engine/Car08_offlow.wav
192343,23,engine/Car08_offmid.wav
192379,24,engine/Car08_offhigh.wav
192416,22,engine/Car08_onlow.wav
192451,22,engine/Car08_onmid.wav
192486,23,engine/Car08_onhigh.wav
192730,22,engine/ai_05_onlow.wav
192765,23,engine/ai_05_onhigh.wav
192803,4,lELJ
192835,4,yD@J
192851,4,OE;J
192867,4,OE5J
192967,6,PE333?
193041,21,damage/backfire_3.wav
193075,21,damage/backfire_5.wav
193109,22,damage/engdamage_1.wav
193144,22,damage/engdamage_2.wav
193179,22,damage/engdamage_3.wav
193214,22,damage/engdamage_5.wav
193267,4,@?-I
193375,6,L?fff?
193481,21,engine/Car09_idle.wav
193515,25,gearshift/gearshift_4.wav
193553,32,gearshift/nitroshot_subsonic.wav
193598,25,gearshift/nitroloop_2.wav
193636,23,engine/Car09_offlow.wav
193672,23,engine/Car09_offmid.wav
193708,24,engine/Car09_offhigh.wav
193745,22,engine/Car09_onlow.wav
193780,22,engine/Car09_onmid.wav
193815,23,engine/Car09_onhigh.wav
193885,4, ApE
193933,4,zDjE
193981,4,uC_E
194029,4,rFcE
194059,22,engine/ai_06_onlow.wav
194094,23,engine/ai_06_onhigh.wav
194297,5,E333?
194370,21,damage/backfire_3.wav
194404,21,damage/backfire_1.wav
194438,22,damage/engdamage_1.wav
194473,22,damage/engdamage_2.wav
194508,22,damage/engdamage_3.wav
194543,22,damage/engdamage_6.wav
194707,4,Ga?R
194810,26,engine/Car10Bonus_idle.wav
194849,25,gearshift/gearshift_1.wav
194887,32,gearshift/nitroshot_subsonic.wav
194932,25,gearshift/nitroloop_2.wav
194970,28,engine/Car10Bonus_offlow.wav
195011,28,engine/Car10Bonus_offmid.wav
195052,29,engine/Car10Bonus_offhigh.wav
195094,27,engine/Car10Bonus_onlow.wav
195134,27,engine/Car10Bonus_onmid.wav
195174,28,engine/Car10Bonus_onhigh.wav
195423,22,engine/ai_07_onlow.wav
195458,23,engine/ai_07_onhigh.wav
195661,5,E333?
195734,21,damage/backfire_4.wav
195768,21,damage/backfire_8.wav
195802,22,damage/engdamage_1.wav
195837,22,damage/engdamage_2.wav
195872,22,damage/engdamage_3.wav
195907,22,damage/engdamage_5.wav
196057,5,?333?
196076,4,E?s>
196160,4,E?U>
196174,21,engine/Car11_idle.wav
196208,25,gearshift/gearshift_1.wav
196246,32,gearshift/nitroshot_subsonic.wav
196291,25,gearshift/nitroloop_2.wav
196329,23,engine/Car11_offlow.wav
196365,23,engine/Car11_offmid.wav
196401,24,engine/Car11_offhigh.wav
196438,22,engine/Car11_onlow.wav
196473,22,engine/Car11_onmid.wav
196508,23,engine/Car11_onhigh.wav
196752,22,engine/ai_06_onlow.wav
196787,23,engine/ai_06_onhigh.wav
196988,7,0VE333?
197063,21,damage/backfire_3.wav
197097,21,damage/backfire_5.wav
197131,22,damage/engdamage_1.wav
197166,22,damage/engdamage_2.wav
197201,22,damage/engdamage_3.wav
197236,22,damage/engdamage_5.wav
197289,4,@?w9
197321,4,u>n9
197353,4, B_9
197369,4,L=Z9
197404,5,Ga?B9
197489,4,E?$9
197503,21,engine/Car12_idle.wav
197537,25,gearshift/gearshift_1.wav
197575,32,gearshift/nitroshot_subsonic.wav
197620,25,gearshift/nitroloop_2.wav
197658,23,engine/Car12_offlow.wav
197694,23,engine/Car12_offmid.wav
197730,24,engine/Car12_offhigh.wav
197767,22,engine/Car12_onlow.wav
197802,22,engine/Car12_onmid.wav
197837,23,engine/Car12_onhigh.wav
198081,22,engine/ai_08_onlow.wav
198116,23,engine/ai_08_onhigh.wav
198186,4,zDY5
198317,7,PME333?
198392,21,damage/backfire_8.wav
198426,21,damage/backfire_1.wav
198460,22,damage/engdamage_1.wav
198495,22,damage/engdamage_2.wav
198530,22,damage/engdamage_3.wav
198565,22,damage/engdamage_5.wav
198618,4,@?F4
198634,4,B>A4
198650,4,.>=4
198682,4, B.4
198761,4,(\?{
198832,21,engine/Car13_idle.wav
198866,25,gearshift/gearshift_4.wav
198904,32,gearshift/nitroshot_subsonic.wav
198949,25,gearshift/nitroloop_2.wav
198987,23,engine/Car13_offlow.wav
199023,23,engine/Car13_offmid.wav
199059,24,engine/Car13_offhigh.wav
199096,22,engine/Car13_onlow.wav
199131,22,engine/Car13_onmid.wav
199166,23,engine/Car13_onhigh.wav
199332,4,uCx0
199364,4,"""F}0"
199379,5,",TF|0"
199410,22,engine/ai_08_onlow.wav
199445,23,engine/ai_08_onhigh.wav
199483,4,lE40
199515,4,zD(0
199531,4,bE#0
199646,7,@<E333?
199721,21,damage/backfire_7.wav
199755,21,damage/backfire_8.wav
199789,22,damage/engdamage_1.wav
199824,22,damage/engdamage_2.wav
199859,22,damage/engdamage_3.wav
199894,22,damage/engdamage_7.wav
200044,5,>ff&?
200058,7,Ga?33s?
200161,21,engine/Car14_idle.wav
200195,25,gearshift/gearshift_4.wav
200233,32,gearshift/nitroshot_subsonic.wav
200278,25,gearshift/nitroloop_2.wav
200316,23,engine/Car14_offlow.wav
200352,23,engine/Car14_offmid.wav
200388,24,engine/Car14_offhigh.wav
200425,22,engine/Car14_onlow.wav
200460,22,engine/Car14_onmid.wav
200495,23,engine/Car14_onhigh.wav
200565,4, AX+
200661,4,uCG+
200739,22,engine/ai_07_onlow.wav
200774,23,engine/ai_07_onhigh.wav
200975,7,P:E333?
201050,21,damage/backfire_3.wav
201084,21,damage/backfire_5.wav
201118,22,damage/engdamage_1.wav
201153,22,damage/engdamage_2.wav
201188,22,damage/engdamage_3.wav
201223,22,damage/engdamage_4.wav
201373,10,?)\O?q=J?H
201490,21,engine/Car15_idle.wav
201524,25,gearshift/gearshift_1.wav
201562,32,gearshift/nitroshot_subsonic.wav
201607,25,gearshift/nitroloop_2.wav
201645,23,engine/Car15_offlow.wav
201681,23,engine/Car15_offmid.wav
201717,24,engine/Car15_offhigh.wav
201754,22,engine/Car15_onlow.wav
201789,22,engine/Car15_onmid.wav
201824,23,engine/Car15_onhigh.wav
201894,4, A'&
201942,4,zD!&
202068,22,engine/ai_05_onlow.wav
202103,23,engine/ai_05_onhigh.wav
202304,7,`=E333?
202379,21,damage/backfire_7.wav
202413,21,damage/backfire_8.wav
202447,22,damage/engdamage_1.wav
202482,22,damage/engdamage_2.wav
202517,22,damage/engdamage_3.wav
202552,22,damage/engdamage_7.wav
202700,4,Q8?=
202721,4,E?~$
202748,7,Qx?33s?
202805,4,E?`$
202819,21,engine/Car16_idle.wav
202853,25,gearshift/gearshift_4.wav
202891,32,gearshift/nitroshot_subsonic.wav
202936,25,gearshift/nitroloop_2.wav
202974,23,engine/Car16_offlow.wav
203010,23,engine/Car16_offmid.wav
203046,24,engine/Car16_offhigh.wav
203083,22,engine/Car16_onlow.wav
203118,22,engine/Car16_onmid.wav
203153,23,engine/Car16_onhigh.wav
203397,22,engine/ai_03_onlow.wav
203432,23,engine/ai_03_onhigh.wav
203634,6,zE333?
203708,21,damage/backfire_3.wav
203742,21,damage/backfire_4.wav
203776,22,damage/engdamage_1.wav
203811,22,damage/engdamage_2.wav
203846,22,damage/engdamage_3.wav
203881,22,damage/engdamage_5.wav
204037,4,Q8?H
204067,5,?33s?
204148,21,engine/Car17_idle.wav
204182,25,gearshift/gearshift_4.wav
204220,32,gearshift/nitroshot_subsonic.wav
204265,25,gearshift/nitroloop_2.wav
204303,23,engine/Car17_offlow.wav
204339,23,engine/Car17_offmid.wav
204375,24,engine/Car17_offhigh.wav
204412,22,engine/Car17_onlow.wav
204447,22,engine/Car17_onmid.wav
204482,23,engine/Car17_onhigh.wav
204726,22,engine/ai_08_onlow.wav
204761,23,engine/ai_08_onhigh.wav
204964,5,E333?
205037,21,damage/backfire_8.wav
205071,21,damage/backfire_1.wav
205105,22,damage/engdamage_1.wav
205140,22,damage/engdamage_2.wav
205175,22,damage/engdamage_3.wav
205210,22,damage/engdamage_5.wav
205367,6,G?)\O?
205477,26,engine/Car18Bonus_idle.wav
205516,25,gearshift/gearshift_4.wav
205554,32,gearshift/nitroshot_subsonic.wav
205599,25,gearshift/nitroloop_2.wav
205637,28,engine/Car18Bonus_offlow.wav
205678,28,engine/Car18Bonus_offmid.wav
205719,29,engine/Car18Bonus_offhigh.wav
205761,27,engine/Car18Bonus_onlow.wav
205801,27,engine/Car18Bonus_onmid.wav
205841,28,engine/Car18Bonus_onhigh.wav
206090,22,engine/ai_09_onlow.wav
206125,23,engine/ai_09_onhigh.wav
206328,5,E333?
206401,21,damage/backfire_2.wav
206435,21,damage/backfire_4.wav
206469,22,damage/engdamage_1.wav
206504,22,damage/engdamage_2.wav
206539,22,damage/engdamage_3.wav
206574,22,damage/engdamage_5.wav
206727,11,E?q=J?)\O?H
206841,21,engine/Car19_idle.wav
206875,25,gearshift/gearshift_1.wav
206913,32,gearshift/nitroshot_subsonic.wav
206958,25,gearshift/nitroloop_2.wav
206996,23,engine/Car19_offlow.wav
207032,23,engine/Car19_offmid.wav
207068,24,engine/Car19_offhigh.wav
207105,22,engine/Car19_onlow.wav
207140,22,engine/Car19_onmid.wav
207175,23,engine/Car19_onhigh.wav
207419,22,engine/ai_09_onlow.wav
207454,23,engine/ai_09_onhigh.wav
207657,5,E333?
207730,21,damage/backfire_4.wav
207764,21,damage/backfire_6.wav
207798,22,damage/engdamage_1.wav
207833,22,damage/engdamage_2.wav
207868,22,damage/engdamage_3.wav
207903,22,damage/engdamage_6.wav
208170,21,engine/Car20_idle.wav
208204,25,gearshift/gearshift_4.wav
208242,32,gearshift/nitroshot_subsonic.wav
208287,25,gearshift/nitroloop_2.wav
208325,23,engine/Car20_offlow.wav
208361,23,engine/Car20_offmid.wav
208397,24,engine/Car20_offhigh.wav
208434,22,engine/Car20_onlow.wav
208469,22,engine/Car20_onmid.wav
208504,23,engine/Car20_onhigh.wav
208748,22,engine/ai_09_onlow.wav
208783,23,engine/ai_09_onhigh.wav
208985,6,:E333?
209059,21,damage/backfire_2.wav
209093,21,damage/backfire_7.wav
209127,22,damage/engdamage_1.wav
209162,22,damage/engdamage_2.wav
209197,22,damage/engdamage_3.wav
209232,22,damage/engdamage_6.wav
209388,7,Q8?)\O?
209499,21,engine/Car21_idle.wav
209533,25,gearshift/gearshift_4.wav
209571,32,gearshift/nitroshot_subsonic.wav
209616,25,gearshift/nitroloop_2.wav
209654,23,engine/Car21_offlow.wav
209690,23,engine/Car21_offmid.wav
209726,24,engine/Car21_offhigh.wav
209763,22,engine/Car21_onlow.wav
209798,22,engine/Car21_onmid.wav
209833,23,engine/Car21_onhigh.wav
210077,22,engine/ai_09_onlow.wav
210112,23,engine/ai_09_onhigh.wav
210314,6,LE333?
210388,21,damage/backfire_4.wav
210422,21,damage/backfire_6.wav
210456,22,damage/engdamage_1.wav
210491,22,damage/engdamage_2.wav
210526,22,damage/engdamage_3.wav
210561,22,damage/engdamage_6.wav
210717,7,(\?)\O?
210828,21,engine/Car22_idle.wav
210862,25,gearshift/gearshift_4.wav
210900,32,gearshift/nitroshot_subsonic.wav
210945,25,gearshift/nitroloop_2.wav
210983,23,engine/Car22_offlow.wav
211019,23,engine/Car22_offmid.wav
211055,24,engine/Car22_offhigh.wav
211092,22,engine/Car22_onlow.wav
211127,22,engine/Car22_onmid.wav
211162,23,engine/Car22_onhigh.wav
211406,22,engine/ai_09_onlow.wav
211441,23,engine/ai_09_onhigh.wav
211526,4,`.EG
211542,4,`.EA
211643,6,HE333?
211717,21,damage/backfire_4.wav
211751,21,damage/backfire_8.wav
211785,22,damage/engdamage_1.wav
211820,22,damage/engdamage_2.wav
211855,22,damage/engdamage_3.wav
211890,22,damage/engdamage_6.wav
212157,21,engine/Car23_idle.wav
212191,25,gearshift/gearshift_4.wav
212229,32,gearshift/nitroshot_subsonic.wav
212274,25,gearshift/nitroloop_2.wav
212312,23,engine/Car23_offlow.wav
212348,23,engine/Car23_offmid.wav
212384,24,engine/Car23_offhigh.wav
212421,22,engine/Car23_onlow.wav
212456,22,engine/Car23_onmid.wav
212491,23,engine/Car23_onhigh.wav
212735,22,engine/ai_09_onlow.wav
212770,23,engine/ai_09_onhigh.wav
212807,4, YE'
212971,7,PeE333?
213046,21,damage/backfire_2.wav
213080,21,damage/backfire_6.wav
213114,22,damage/engdamage_1.wav
213149,22,damage/engdamage_2.wav
213184,22,damage/engdamage_3.wav
213219,22,damage/engdamage_6.wav
213375,4,p=?=
213470,4,fff?
213486,21,engine/Car24_idle.wav
213520,25,gearshift/gearshift_4.wav
213558,32,gearshift/nitroshot_subsonic.wav
213603,25,gearshift/nitroloop_2.wav
213641,23,engine/Car24_offlow.wav
213677,23,engine/Car24_offmid.wav
213713,24,engine/Car24_offhigh.wav
213750,22,engine/Car24_onlow.wav
213785,22,engine/Car24_onmid.wav
213820,23,engine/Car24_onhigh.wav
214064,22,engine/ai_05_onlow.wav
214099,23,engine/ai_05_onhigh.wav
214302,5,E333?
214375,21,damage/backfire_3.wav
214409,21,damage/backfire_5.wav
214443,22,damage/engdamage_1.wav
214478,22,damage/engdamage_2.wav
214513,22,damage/engdamage_3.wav
214548,22,damage/engdamage_5.wav
214701,6,L?)\O?
214815,21,engine/Car25_idle.wav
214849,25,gearshift/gearshift_4.wav
214887,32,gearshift/nitroshot_subsonic.wav
214932,25,gearshift/nitroloop_2.wav
214970,23,engine/Car25_offlow.wav
215006,23,engine/Car25_offmid.wav
215042,24,engine/Car25_offhigh.wav
215079,22,engine/Car25_onlow.wav
215114,22,engine/Car25_onmid.wav
215149,23,engine/Car25_onhigh.wav
215393,22,engine/ai_02_onlow.wav
215428,23,engine/ai_02_onhigh.wav
215631,5,E333?
215704,21,damage/backfire_8.wav
215738,21,damage/backfire_1.wav
215772,22,damage/engdamage_1.wav
215807,22,damage/engdamage_2.wav
215842,22,damage/engdamage_3.wav
215877,22,damage/engdamage_7.wav
216027,6,?333?=
216144,21,engine/Car26_idle.wav
216178,25,gearshift/gearshift_4.wav
216216,32,gearshift/nitroshot_subsonic.wav
216261,25,gearshift/nitroloop_2.wav
216299,23,engine/Car26_offlow.wav
216335,23,engine/Car26_offmid.wav
216371,24,engine/Car26_offhigh.wav
216408,22,engine/Car26_onlow.wav
216443,22,engine/Car26_onmid.wav
216478,23,engine/Car26_onhigh.wav
216722,22,engine/ai_01_onlow.wav
216757,23,engine/ai_01_onhigh.wav
216960,5,E333?
217033,21,damage/backfire_3.wav
217067,21,damage/backfire_5.wav
217101,22,damage/engdamage_1.wav
217136,22,damage/engdamage_2.wav
217171,22,damage/engdamage_3.wav
217206,22,damage/engdamage_5.wav
217353,4,)\O?
217367,6,@?)\O?
217473,21,engine/Car27_idle.wav
217507,25,gearshift/gearshift_1.wav
217545,32,gearshift/nitroshot_subsonic.wav
217590,25,gearshift/nitroloop_2.wav
217628,23,engine/Car27_offlow.wav
217664,23,engine/Car27_offmid.wav
217700,24,engine/Car27_offhigh.wav
217737,22,engine/Car27_onlow.wav
217772,22,engine/Car27_onmid.wav
217807,23,engine/Car27_onhigh.wav
218051,22,engine/ai_01_onlow.wav
218086,23,engine/ai_01_onhigh.wav
218289,5,E333?
218362,21,damage/backfire_3.wav
218396,21,damage/backfire_5.wav
218430,22,damage/engdamage_1.wav
218465,22,damage/engdamage_2.wav
218500,22,damage/engdamage_3.wav
218535,22,damage/engdamage_7.wav
218802,21,engine/Car28_idle.wav
218836,25,gearshift/gearshift_1.wav
218874,32,gearshift/nitroshot_subsonic.wav
218919,25,gearshift/nitroloop_2.wav
218957,23,engine/Car28_offlow.wav
218993,23,engine/Car28_offmid.wav
219029,24,engine/Car28_offhigh.wav
219066,22,engine/Car28_onlow.wav
219101,22,engine/Car28_onmid.wav
219136,23,engine/Car28_onhigh.wav
219380,22,engine/ai_05_onlow.wav
219415,23,engine/ai_05_onhigh.wav
219618,5,E333?
219691,21,damage/backfire_3.wav
219725,21,damage/backfire_7.wav
219759,22,damage/engdamage_1.wav
219794,22,damage/engdamage_2.wav
219829,22,damage/engdamage_3.wav
219864,22,damage/engdamage_7.wav
220016,4,zT?=
220131,26,engine/Car29Bonus_idle.wav
220170,25,gearshift/gearshift_4.wav
220208,32,gearshift/nitroshot_subsonic.wav
220253,25,gearshift/nitroloop_2.wav
220291,28,engine/Car29Bonus_offlow.wav
220332,28,engine/Car29Bonus_offmid.wav
220373,29,engine/Car29Bonus_offhigh.wav
220415,27,engine/Car29Bonus_onlow.wav
220455,27,engine/Car29Bonus_onmid.wav
220495,28,engine/Car29Bonus_onhigh.wav
220744,22,engine/ai_05_onlow.wav
220779,23,engine/ai_05_onhigh.wav
220981,6,TE333?
221055,21,damage/backfire_1.wav
221089,21,damage/backfire_8.wav
221123,22,damage/engdamage_1.wav
221158,22,damage/engdamage_2.wav
221193,22,damage/engdamage_3.wav
221228,22,damage/engdamage_4.wav
221495,21,engine/Car30_idle.wav
221529,25,gearshift/gearshift_4.wav
221567,32,gearshift/nitroshot_subsonic.wav
221612,25,gearshift/nitroloop_2.wav
221650,23,engine/Car30_offlow.wav
221686,23,engine/Car30_offmid.wav
221722,24,engine/Car30_offhigh.wav
221759,22,engine/Car30_onlow.wav
221794,22,engine/Car30_onmid.wav
221829,23,engine/Car30_onhigh.wav
222073,22,engine/ai_06_onlow.wav
222108,23,engine/ai_06_onhigh.wav
222311,5,E333?
222384,21,damage/backfire_3.wav
222418,21,damage/backfire_5.wav
222452,22,damage/engdamage_1.wav
222487,22,damage/engdamage_2.wav
222522,22,damage/engdamage_3.wav
222557,22,damage/engdamage_4.wav
222709,8,zT?)\O?=
222824,21,engine/Car31_idle.wav
222858,25,gearshift/gearshift_1.wav
222896,32,gearshift/nitroshot_subsonic.wav
222941,25,gearshift/nitroloop_2.wav
222979,23,engine/Car31_offlow.wav
223015,23,engine/Car31_offmid.wav
223051,24,engine/Car31_offhigh.wav
223088,22,engine/Car31_onlow.wav
223123,22,engine/Car31_onmid.wav
223158,23,engine/Car31_onhigh.wav
223402,22,engine/ai_02_onlow.wav
223437,23,engine/ai_02_onhigh.wav
223639,6,sE333?
223713,21,damage/backfire_1.wav
223747,21,damage/backfire_8.wav
223781,22,damage/engdamage_1.wav
223816,22,damage/engdamage_2.wav
223851,22,damage/engdamage_3.wav
223886,22,damage/engdamage_5.wav
224054,4,Ga?(
224153,21,engine/Car32_idle.wav
224187,25,gearshift/gearshift_4.wav
224225,32,gearshift/nitroshot_subsonic.wav
224270,25,gearshift/nitroloop_2.wav
224308,23,engine/Car32_offlow.wav
224344,23,engine/Car32_offmid.wav
224380,24,engine/Car32_offhigh.wav
224417,22,engine/Car32_onlow.wav
224452,22,engine/Car32_onmid.wav
224487,23,engine/Car32_onhigh.wav
224731,22,engine/ai_08_onlow.wav
224766,23,engine/ai_08_onhigh.wav
224851,4,@!E:
224867,4,@!E4
224967,7,P2E333?
225042,21,damage/backfire_7.wav
225076,21,damage/backfire_1.wav
225110,22,damage/engdamage_1.wav
225145,22,damage/engdamage_2.wav
225180,22,damage/engdamage_3.wav
225215,22,damage/engdamage_5.wav
225283,4,Q8>'
225372,6,0?)\O?
225482,21,engine/Car33_idle.wav
225516,25,gearshift/gearshift_4.wav
225554,32,gearshift/nitroshot_subsonic.wav
225599,25,gearshift/nitroloop_2.wav
225637,23,engine/Car33_offlow.wav
225673,23,engine/Car33_offmid.wav
225709,24,engine/Car33_offhigh.wav
225746,22,engine/Car33_onlow.wav
225781,22,engine/Car33_onmid.wav
225816,23,engine/Car33_onhigh.wav
226060,22,engine/ai_08_onlow.wav
226095,23,engine/ai_08_onhigh.wav
226298,5,E333?
226371,21,damage/backfire_3.wav
226405,21,damage/backfire_5.wav
226439,22,damage/engdamage_1.wav
226474,22,damage/engdamage_2.wav
226509,22,damage/engdamage_3.wav
226544,22,damage/engdamage_6.wav
226700,8,Ga?fff?R
226811,21,engine/Car34_idle.wav
226845,25,gearshift/gearshift_4.wav
226883,32,gearshift/nitroshot_subsonic.wav
226928,25,gearshift/nitroloop_2.wav
226966,23,engine/Car34_offlow.wav
227002,23,engine/Car34_offmid.wav
227038,24,engine/Car34_offhigh.wav
227075,22,engine/Car34_onlow.wav
227110,22,engine/Car34_onmid.wav
227145,23,engine/Car34_onhigh.wav
227389,21,engine/rc_1_onlow.wav
227423,22,engine/rc_1_onhigh.wav
227698,21,damage/backfire_3.wav
227732,21,damage/backfire_5.wav
227766,22,damage/engdamage_1.wav
227801,22,damage/engdamage_2.wav
227836,22,damage/engdamage_3.wav
227871,22,damage/engdamage_4.wav
228068,6,(?q=J?
228138,20,engine/rc_1_idle.wav
228171,25,gearshift/gearshift_4.wav
228209,32,gearshift/nitroshot_subsonic.wav
228254,25,gearshift/nitroloop_2.wav
228292,22,engine/rc_1_offlow.wav
228327,22,engine/rc_1_offmid.wav
228362,23,engine/rc_1_offhigh.wav
228398,21,engine/rc_1_onlow.wav
228432,21,engine/rc_1_onmid.wav
228466,22,engine/rc_1_onhigh.wav
228709,21,engine/rc_2_onlow.wav
228743,22,engine/rc_2_onhigh.wav
229018,21,damage/backfire_3.wav
229052,21,damage/backfire_5.wav
229086,22,damage/engdamage_1.wav
229121,22,damage/engdamage_2.wav
229156,22,damage/engdamage_3.wav
229191,22,damage/engdamage_4.wav
229388,6,(?q=J?
229458,20,engine/rc_2_idle.wav
229491,25,gearshift/gearshift_4.wav
229529,32,gearshift/nitroshot_subsonic.wav
229574,25,gearshift/nitroloop_2.wav
229612,22,engine/rc_2_offlow.wav
229647,22,engine/rc_2_offmid.wav
229682,23,engine/rc_2_offhigh.wav
229718,21,engine/rc_2_onlow.wav
229752,21,engine/rc_2_onmid.wav
229786,22,engine/rc_2_onhigh.wav
230029,21,engine/rc_3_onlow.wav
230063,22,engine/rc_3_onhigh.wav
230338,21,damage/backfire_3.wav
230372,21,damage/backfire_5.wav
230406,22,damage/engdamage_1.wav
230441,22,damage/engdamage_2.wav
230476,22,damage/engdamage_3.wav
230511,22,damage/engdamage_4.wav
230708,6,(?q=J?
230778,20,engine/rc_3_idle.wav
230811,25,gearshift/gearshift_4.wav
230849,32,gearshift/nitroshot_subsonic.wav
230894,25,gearshift/nitroloop_2.wav
230932,22,engine/rc_3_offlow.wav
230967,22,engine/rc_3_offmid.wav
231002,23,engine/rc_3_offhigh.wav
231038,21,engine/rc_3_onlow.wav
231072,21,engine/rc_3_onmid.wav
231106,22,engine/rc_3_onhigh.wav
231349,22,engine/ai_09_onlow.wav
231384,23,engine/ai_09_onhigh.wav
231586,6,*E333?
231660,21,damage/backfire_3.wav
231694,21,damage/backfire_5.wav
231728,22,damage/engdamage_1.wav
231763,22,damage/engdamage_2.wav
231798,22,damage/engdamage_3.wav
231833,22,damage/engdamage_4.wav
232100,21,engine/truck_idle.wav
232134,24,gearshift/truck_gear.wav
232171,32,gearshift/nitroshot_subsonic.wav
232216,25,gearshift/nitroloop_2.wav
232254,23,engine/truck_offlow.wav
232290,23,engine/truck_offmid.wav
232326,24,engine/truck_offhigh.wav
232363,22,engine/truck_onlow.wav
232398,22,engine/truck_onmid.wav
232433,23,engine/truck_onhigh.wav
232469,7,Curling
232489,7,curling
232925,7,Bowling
232945,7,bowling
233061,4,fff?
233349,4,33S@
233381,10,BasketBall
233404,10,basketball
233843,8,Baseball
233864,8,baseball
234301,6,Soccer
234320,6,soccer
234755,8,BullsEye
234776,10,testreplay
235215,8,HighJump
235236,8,highjump
235673,13,StoneSkipping
235699,13,stoneskipping
236141,10,RingOfFire
236164,11,ringofffire
236604,5,Darts
236622,5,darts
236880,4,fff?
237056,9,BreakDown
237078,10,testreplay
237517,11,Royal Flush
237541,10,royalflush
237980,7,SkiJump
238000,7,skijump
238436,9,FieldGoal
238458,9,fieldgoal
238928,15,Trees_Arena.ini
238956,18,Plants_Default.ini
239121,24,Arena_One_Background.tga
239158,9,arena_day
239620,15,Trees_Arena.ini
239648,18,Plants_Default.ini
239813,27,Arena2_Background_Night.tga
239853,11,arena_night
240317,15,Trees_Arena.ini
240345,18,Plants_Default.ini
240510,24,Arena_One_Background.tga
240547,9,arena_day
241009,15,Trees_Arena.ini
241037,18,Plants_Default.ini
241202,25,Arena2_Background_Day.tga
241240,9,arena_day
241702,15,Trees_Arena.ini
241730,18,Plants_Default.ini
241895,27,Arena2_Background_Night.tga
241935,11,arena_night
242399,15,Trees_Arena.ini
242427,18,Plants_Default.ini
242592,25,Arena2_Background_Day.tga
242630,9,arena_day
243076,15,Trees_Derby.ini
243104,16,Plants_Derby.ini
243219,19,City_Background.tga
243251,8,city_day
243430,25,Nascar_Background_day.tga
243468,9,Forestday
243533,25,Nascar_Background_day.tga
243657,25,Nascar_Background_day.tga
243695,9,Forestday
243760,9,Forestday
243814,15,Trees_Canal.ini
243842,16,Plants_Canal.ini
244005,24,Canal_Background_day.tga
244042,9,canal_day
244222,27,Canal_Background_sunset.tga
244262,9,canal_day
244442,24,Canal_Background_day.tga
244479,9,canal_day
244573,14,Trees_City.ini
244600,15,Plants_City.ini
244794,19,City_Background.tga
244826,8,city_day
245037,26,City_Background_Sunset.tga
245076,10,CitySunset
245289,19,City_Background.tga
245321,8,city_day
245414,14,Trees_City.ini
245441,15,Plants_City.ini
245635,19,City_Background.tga
245667,8,city_day
245878,23,City_Background_day.tga
245914,8,city_day
246125,25,City_Background_Night.tga
246163,10,CitySunset
246274,15,Trees_Derby.ini
246302,16,Plants_Derby.ini
246465,24,Derby_Background_Day.tga
246502,9,arena_day
246948,15,Trees_Derby.ini
246976,16,Plants_Derby.ini
247139,24,Derby_Background_day.tga
247176,9,arena_day
247622,15,Trees_Derby.ini
247650,16,Plants_Derby.ini
247689,4,UCUw
247813,24,Derby_Background_day.tga
247850,9,arena_day
248296,15,Trees_Derby.ini
248324,16,Plants_Derby.ini
248487,27,Derby_Background_sunset.tga
248527,9,arena_day
248973,15,Trees_Derby.ini
249001,16,Plants_Derby.ini
249164,24,Derby_Background_day.tga
249201,9,arena_day
249647,15,Trees_Derby.ini
249675,16,Plants_Derby.ini
249714,4,4Clo
249838,24,Derby_Background_day.tga
249875,9,arena_day
250305,16,Trees_Desert.ini
250334,17,Plants_Desert.ini
250530,25,Desert_Background_day.tga
250568,10,desert_day
250781,25,Desert_Background_day.tga
250819,10,desert_day
251032,26,Desert_Background_Dusk.tga
251071,10,desert_day
251166,17,Trees_Fields2.ini
251196,17,Plants_Fields.ini
251408,25,Fields_Background_day.tga
251446,10,fields_day
251659,34,Fields_Background_Morning_Blue.tga
251706,10,fields_day
251919,25,Fields_Background_day.tga
251957,10,fields_day
252052,17,Trees_Fields2.ini
252082,18,Plants_Fields2.ini
252295,25,Fields_Background_day.tga
252333,10,fields_day
252530,25,Fields_Background_day.tga
252568,10,fields_day
252765,34,Fields_Background_Morning_Blue.tga
252812,10,fields_day
252891,16,Trees_Forest.ini
252920,18,Plants_Default.ini
253117,25,Forest_Background_day.tga
253155,10,forest_day
253368,25,Forest_Background_day.tga
253406,10,forest_day
253619,32,Forest_Background_sunset_red.tga
253664,10,forest_day
253759,17,Trees_Forest2.ini
253789,18,Plants_Forest2.ini
253986,25,Forest_Background_day.tga
254024,10,forest_day
254237,28,Forest_Background_Sunset.tga
254278,10,forest_day
254491,25,Forest_Background_day.tga
254529,10,forest_day
254656,16,Trees_Nascar.ini
254685,17,Plants_Nascar.ini
254849,25,Nascar_Background_day.tga
254887,9,arena_day
254981,17,Trees_Default.ini
255011,18,Plants_Default.ini
255128,25,Forest_Background_day.tga
255166,4,menu
255271,16,Trees_Nascar.ini
255300,17,Plants_Nascar.ini
255464,25,Nascar_Background_day.tga
255502,9,arena_day
255682,27,Nascar_Background_Night.tga
255722,9,arena_day
255902,25,Nascar_Background_day.tga
255940,9,arena_day
256050,15,Trees_Canal.ini
256078,16,Plants_Canal.ini
256206,9,Forestday
256620,16,Trees_Racing.ini
256649,18,Plants_Default.ini
256846,25,Racing_Background_day.tga
256884,10,racing_day
257097,27,Racing_Background_Night.tga
257137,10,racing_day
257350,28,Racing_Background_sunset.tga
257391,10,racing_day
257486,16,Trees_Racing.ini
257515,18,Plants_Default.ini
257728,25,Racing_Background_day.tga
257766,10,racing_day
257979,25,Racing_Background_day.tga
258017,10,racing_day
258230,27,Racing_Background_night.tga
258270,10,racing_day
258367,4,mD\M
258397,15,Trees_Canal.ini
258425,16,Plants_Canal.ini
258500,24,Stunt_Background_day.tga
258537,9,stunt_day
258605,26,Stunt_Background_Night.tga
258644,10,StuntNight
258713,26,Stunt_Background_Night.tga
258752,10,StuntNight
258821,26,Stunt_Background_Night.tga
258860,10,StuntNight
258929,26,Stunt_Background_Night.tga
258968,10,StuntNight
259037,24,Stunt_Background_day.tga
259074,9,stunt_day
259450,4,mD!I
259480,15,Trees_Canal.ini
259508,16,Plants_Canal.ini
259583,24,Stunt_Background_day.tga
259620,9,stunt_day
259688,26,Stunt_Background_Night.tga
259727,10,StuntNight
259796,26,Stunt_Background_Night.tga
259835,10,StuntNight
259904,26,Stunt_Background_Night.tga
259943,10,StuntNight
260012,26,Stunt_Background_Night.tga
260051,10,StuntNight
260120,24,Stunt_Background_day.tga
260157,9,stunt_day
260547,17,Trees_Forest2.ini
260577,18,Plants_Forest2.ini
260694,27,Derby_Background_sunset.tga
260734,9,arena_day
260786,25,Nascar_Background_day.tga
260824,25,Nascar_Background_day.tga
260948,25,Nascar_Background_day.tga
260986,9,Forestday
261051,25,Nascar_Background_day.tga
261175,25,Nascar_Background_day.tga
261213,9,Forestday
261278,9,Forestday
261316,17,Trees_Forest2.ini
261346,18,Plants_Forest2.ini
261463,25,Forest_Background_day.tga
261501,9,Forestday
261553,25,Nascar_Background_day.tga
261591,25,Nascar_Background_day.tga
261715,25,Nascar_Background_day.tga
261753,9,Forestday
261818,25,Nascar_Background_day.tga
261942,25,Nascar_Background_day.tga
261980,9,Forestday
262045,9,Forestday
262067,16,UPGRADE_CAT_BODY
262096,26,upgrade_category_body_icon
262135,21,upgrade_category_body
262169,21,UPGRADE_CAT_BODY_DESC
262219,17,UPGRADE_BODYLWPRO
262305,22,UPGRADE_BODYLWPRO_DESC
262340,30,body_body_lightweight_pro_icon
262383,20,body_lightweight_pro
262720,17,UPGRADE_BODYSTOCK
262806,22,UPGRADE_BODYSTOCK_DESC
262841,28,body_body_upgrade_stock_icon
262882,23,body_body_upgrade_stock
263222,15,UPGRADE_BODYPRO
263306,20,UPGRADE_BODYPRO_DESC
263339,26,body_body_upgrade_pro_icon
263378,21,body_body_upgrade_pro
263716,18,UPGRADE_BODYRACING
263803,23,UPGRADE_BODYRACING_DESC
263839,29,body_body_upgrade_racing_icon
263881,24,body_body_upgrade_racing
264222,20,UPGRADE_CHASSISSTOCK
264311,25,UPGRADE_CHASSISSTOCK_DESC
264349,31,body_chassis_upgrade_stock_icon
264393,26,body_chassis_upgrade_stock
264736,18,UPGRADE_CHASSISPRO
264823,23,UPGRADE_CHASSISPRO_DESC
264859,29,body_chassis_upgrade_pro_icon
264901,24,body_chassis_upgrade_pro
265242,21,UPGRADE_CHASSISRACING
265332,26,UPGRADE_CHASSISRACING_DESC
265371,32,body_chassis_upgrade_racing_icon
265416,27,body_chassis_upgrade_racing
265760,19,UPGRADE_ROLLCAGEPRO
265848,24,UPGRADE_ROLLCAGEPRO_DESC
265885,30,body_rollcage_upgrade_pro_icon
265928,25,body_rollcage_upgrade_pro
266270,18,UPGRADE_CAT_ENGINE
266301,28,upgrade_category_engine_icon
266342,23,upgrade_category_engine
266378,23,UPGRADE_CAT_ENGINE_DESC
266430,12,UPGRADE_CHIP
266511,17,UPGRADE_CHIP_DESC
266541,16,engine_chip_icon
266570,11,engine_chip
266898,23,UPGRADE_ENGINEBALANCING
266990,28,UPGRADE_ENGINEBALANCING_DESC
267031,28,engine_engine_balancing_icon
267072,23,engine_engine_balancing
267412,15,UPGRADE_FUELPRO
267496,20,UPGRADE_FUELPRO_DESC
267529,24,engine_fuel_kit_pro_icon
267566,19,engine_fuel_kit_pro
267902,14,UPGRADE_NITRO1
267985,19,UPGRADE_NITRO1_DESC
268017,23,engine_nitro_kit_1_icon
268053,18,engine_nitro_kit_1
268388,14,UPGRADE_NITRO2
268471,19,UPGRADE_NITRO2_DESC
268503,23,engine_nitro_kit_2_icon
268539,18,engine_nitro_kit_2
268874,14,UPGRADE_NITRO3
268957,19,UPGRADE_NITRO3_DESC
268989,23,engine_nitro_kit_3_icon
269025,18,engine_nitro_kit_3
269360,19,UPGRADE_TUNINGSTOCK
269448,24,UPGRADE_TUNINGSTOCK_DESC
269485,28,engine_tuning_kit_stock_icon
269526,23,engine_tuning_kit_stock
269866,17,UPGRADE_TUNINGPRO
269952,22,UPGRADE_TUNINGPRO_DESC
269987,26,engine_tuning_kit_pro_icon
270026,21,engine_tuning_kit_pro
270364,20,UPGRADE_TUNINGRACING
270453,25,UPGRADE_TUNINGRACING_DESC
270491,29,engine_tuning_kit_racing_icon
270533,24,engine_tuning_kit_racing
270874,21,UPGRADE_TURBOKITSTOCK
270964,26,UPGRADE_TURBOKITSTOCK_DESC
271003,27,engine_turbo_kit_stock_icon
271043,22,engine_turbo_kit_stock
271382,19,UPGRADE_TURBOKITPRO
271470,24,UPGRADE_TURBOKITPRO_DESC
271507,25,engine_turbo_kit_pro_icon
271545,20,engine_turbo_kit_pro
271882,22,UPGRADE_TURBOKITRACING
271973,27,UPGRADE_TURBOKITRACING_DESC
272013,28,engine_turbo_kit_racing_icon
272054,23,engine_turbo_kit_racing
272394,19,UPGRADE_CAT_EXHAUST
272426,29,upgrade_category_exhaust_icon
272468,24,upgrade_category_exhaust
272505,24,UPGRADE_CAT_EXHAUST_DESC
272558,20,UPGRADE_EXHAUSTSTOCK
272647,25,UPGRADE_EXHAUSTSTOCK_DESC
272685,26,exhaust_exhaust_stock_icon
272724,21,exhaust_exhaust_stock
273062,18,UPGRADE_EXHAUSTPRO
273149,23,UPGRADE_EXHAUSTPRO_DESC
273185,24,exhaust_exhaust_pro_icon
273222,19,exhaust_exhaust_pro
273558,21,UPGRADE_EXHAUSTRACING
273648,26,UPGRADE_EXHAUSTRACING_DESC
273687,27,exhaust_exhaust_racing_icon
273727,22,exhaust_exhaust_racing
274066,21,UPGRADE_MANIFOLDSTOCK
274156,26,UPGRADE_MANIFOLDSTOCK_DESC
274195,35,exhaust_exhaust_manifold_stock_icon
274243,30,exhaust_exhaust_manifold_stock
274590,19,UPGRADE_MANIFOLDPRO
274678,24,UPGRADE_MANIFOLDPRO_DESC
274715,33,exhaust_exhaust_manifold_pro_icon
274761,28,exhaust_exhaust_manifold_pro
275106,22,UPGRADE_MANIFOLDRACING
275197,27,UPGRADE_MANIFOLDRACING_DESC
275237,36,exhaust_exhaust_manifold_racing_icon
275286,31,exhaust_exhaust_manifold_racing
275634,19,UPGRADE_CAT_GEARBOX
275666,29,upgrade_category_gearbox_icon
275708,24,upgrade_category_gearbox
275745,24,UPGRADE_CAT_GEARBOX_DESC
275798,17,UPGRADE_CLUTCHPRO
275884,22,UPGRADE_CLUTCHPRO_DESC
275919,23,gearbox_clutch_pro_icon
275955,18,gearbox_clutch_pro
276290,20,UPGRADE_GEARBOXSTOCK
276379,25,UPGRADE_GEARBOXSTOCK_DESC
276417,26,gearbox_gearbox_stock_icon
276456,21,gearbox_gearbox_stock
276794,18,UPGRADE_GEARBOXPRO
276881,23,UPGRADE_GEARBOXPRO_DESC
276917,24,gearbox_gearbox_pro_icon
276954,19,gearbox_gearbox_pro
277290,21,UPGRADE_GEARBOXRACING
277380,26,UPGRADE_GEARBOXRACING_DESC
277419,27,gearbox_gearbox_racing_icon
277459,22,gearbox_gearbox_racing
277798,22,UPGRADE_CAT_SUSPENSION
277833,32,upgrade_category_suspension_icon
277878,27,upgrade_category_suspension
277918,27,UPGRADE_CAT_SUSPENSION_DESC
277974,16,UPGRADE_ARBSTOCK
278059,21,UPGRADE_ARBSTOCK_DESC
278093,36,suspension_anti_roll_bars_stock_icon
278142,31,suspension_anti_roll_bars_stock
278490,14,UPGRADE_ARBPRO
278573,19,UPGRADE_ARBPRO_DESC
278605,34,suspension_anti_roll_bars_pro_icon
278652,29,suspension_anti_roll_bars_pro
278998,17,UPGRADE_ARBRACING
279084,22,UPGRADE_ARBRACING_DESC
279119,37,suspension_anti_roll_bars_racing_icon
279169,32,suspension_anti_roll_bars_racing
279518,24,UPGRADE_STEERINGUPGSTOCK
279611,29,UPGRADE_STEERINGUPGSTOCK_DESC
279653,38,suspension_steering_upgrade_stock_icon
279704,33,suspension_steering_upgrade_stock
280054,22,UPGRADE_STEERINGUPGPRO
280145,27,UPGRADE_STEERINGUPGPRO_DESC
280185,36,suspension_steering_upgrade_pro_icon
280234,31,suspension_steering_upgrade_pro
280582,25,UPGRADE_STEERINGUPGRACING
280676,30,UPGRADE_STEERINGUPGRACING_DESC
280719,39,suspension_steering_upgrade_racing_icon
280771,34,suspension_steering_upgrade_racing
281122,23,UPGRADE_SUSPENSIONSTOCK
281214,28,UPGRADE_SUSPENSIONSTOCK_DESC
281255,28,suspension_shocks_stock_icon
281296,23,suspension_shocks_stock
281636,21,UPGRADE_SUSPENSIONPRO
281726,26,UPGRADE_SUSPENSIONPRO_DESC
281765,26,suspension_shocks_pro_icon
281804,21,suspension_shocks_pro
282142,24,UPGRADE_SUSPENSIONRACING
282235,29,UPGRADE_SUSPENSIONRACING_DESC
282277,29,suspension_shocks_racing_icon
282319,24,suspension_shocks_racing
282660,23,UPGRADE_CAT_TIRESBRAKES
282696,34,upgrade_category_tires_brakes_icon
282743,29,upgrade_category_tires_brakes
282785,28,UPGRADE_CAT_TIRESBRAKES_DESC
282842,19,UPGRADE_BRAKESSTOCK
282930,24,UPGRADE_BRAKESSTOCK_DESC
282967,30,tires_brakes_brakes_stock_icon
283010,25,tires_brakes_brakes_stock
283352,17,UPGRADE_BRAKESPRO
283438,22,UPGRADE_BRAKESPRO_DESC
283473,28,tires_brakes_brakes_pro_icon
283514,23,tires_brakes_brakes_pro
283854,20,UPGRADE_BRAKESRACING
283943,25,UPGRADE_BRAKESRACING_DESC
283981,31,tires_brakes_brakes_racing_icon
284025,26,tires_brakes_brakes_racing
284368,18,UPGRADE_TIRESSTOCK
284455,23,UPGRADE_TIRESSTOCK_DESC
284491,29,tires_brakes_tires_stock_icon
284533,24,tires_brakes_tires_stock
284874,16,UPGRADE_TIRESPRO
284959,21,UPGRADE_TIRESPRO_DESC
284993,27,tires_brakes_tires_pro_icon
285033,22,tires_brakes_tires_pro
285372,19,UPGRADE_TIRESRACING
285460,24,UPGRADE_TIRESRACING_DESC
285497,30,tires_brakes_tires_racing_icon
285540,25,tires_brakes_tires_racing
286040,9,arena_day
286078,14,SunEvening.ini
286157,4,ff&?
286321,11,default_add
286345,11,default_sub
286490,4,PCF1
286711,11,stunt_night
286751,8,Moon.ini
286988,11,default_add
287012,11,default_sub
287378,9,arena_day
287416,12,CanalDay.ini
287657,11,default_add
287681,11,default_sub
288047,11,stunt_night
288087,8,Moon.ini
288292,5,ff&?o
288309,4,Ga?f
288324,11,default_add
288348,11,default_sub
288493,4,PCF^
288714,9,canal_day
288752,12,CanalDay.ini
288993,9,canal_add
289015,9,canal_sub
289379,7,sunset9
289415,14,SunEvening.ini
289658,11,default_add
289682,9,canal_sub
290046,11,arena_night
290086,8,Moon.ini
290323,11,default_add
290347,11,default_sub
290713,11,Arena_Night
290737,4,)\;A
290753,8,Moon.ini
290943,4,Ga>_
290990,11,default_add
291014,11,default_sub
291334,4,fff?
291380,8,city_day
291417,7,Day.ini
291653,11,cityday_add
291677,11,cityday_sub
291822,4,PCF]
291997,5,fff?s
292043,8,city_day
292080,7,Day.ini
292153,4,zT?;
292316,10,fields_add
292339,10,fields_sub
292658,4,fff?
292704,8,city_day
292741,7,Day.ini
292977,11,cityday_add
293001,11,cityday_sub
293146,4,PCF1
293321,5,fff?G
293367,8,city_day
293404,7,Day.ini
293640,11,default_add
293664,11,default_sub
293984,4,fff?
294030,10,dayclouds7
294069,7,Day.ini
294142,4,p}?v
294305,11,cityday_add
294329,11,cityday_sub
294695,7,sunset7
294731,14,SunEvening.ini
294974,14,citysunset_add
295001,14,citysunset_sub
295149,4,PCF^
295370,10,forest_day
295409,14,SunEvening.ini
295636,4,ff&?
295652,11,default_add
295676,11,default_sub
296042,9,arena_day
296080,7,Day.ini
296316,9,canal_add
296338,9,canal_sub
296481,4,PCF*
296702,9,arena_day
296740,7,Day.ini
296976,9,canal_add
296998,9,canal_sub
297362,9,arena_day
297400,7,Day.ini
297604,4,q=J?
297636,11,default_add
297660,11,default_sub
298026,9,arena_day
298064,7,Day.ini
298300,9,canal_add
298322,9,canal_sub
298465,4,PCFj
298686,9,arena_day
298724,7,Day.ini
298960,9,canal_add
298982,9,canal_sub
299346,9,arena_day
299384,7,Day.ini
299620,9,canal_add
299642,9,canal_sub
299785,4,PCFB
300006,11,city_sunset
300046,14,SunEvening.ini
300289,11,default_add
300313,11,default_sub
300679,9,arena_day
300717,12,CanalDay.ini
300795,4,Q8?y
300911,4,Ga>o
300958,10,desert_add
300981,10,desert_sub
301346,9,arena_day
301384,12,CanalDay.ini
301609,5,fff?q
301625,10,desert_add
301648,10,desert_sub
301792,4,PCFk
301967,4,ff&?
302013,7,sunset4
302049,14,SunEvening.ini
302292,11,default_add
302316,9,canal_sub
302680,10,fields_day
302719,7,Day.ini
302955,10,fields_add
302978,10,fields_sub
303343,10,dayclouds8
303382,7,Day.ini
303454,4,q=J?
303618,10,fields_add
303641,10,fields_sub
304006,10,dayclouds8
304045,7,Day.ini
304117,5,q=J?~
304281,10,fields_add
304304,10,fields_sub
304669,7,sunset8
304705,14,SunEvening.ini
304932,5,333?v
304948,14,citysunset_add
304975,14,citysunset_sub
305123,4,PCFh
305344,10,dayclouds7
305383,7,day.ini
305619,11,default_add
305643,11,default_sub
306009,10,dayclouds7
306048,7,Day.ini
306284,11,default_add
306308,11,default_sub
306674,7,sunset5
306710,14,SunEvening.ini
306921,4,ff&@
306953,14,citysunset_add
306980,14,citysunset_sub
307349,10,dayclouds7
307388,7,Day.ini
307460,5,333?o
307624,9,canal_add
307646,9,canal_sub
308010,8,sunset12
308047,14,SunEvening.ini
308275,4,Qx?h
308290,14,citysunset_add
308317,14,citysunset_sub
308465,4,PCFZ
308512,4,q=>C
308686,10,desert_day
308725,14,SunEvening.ini
308968,11,default_add
308992,11,default_sub
309358,8,city_day
309395,14,SunEvening.ini
309608,4,1@-t
309638,11,default_add
309662,11,default_sub
310028,11,arena_night
310068,8,Moon.ini
310305,11,default_add
310329,11,default_sub
310695,9,arena_day
310733,7,Day.ini
310805,5,)\O?^
310923,4,L>Tm
310953,4,333?
310969,11,default_add
310993,11,default_sub
311359,10,arena_nigh
311398,14,SunEvening.ini
311477,4,333?
311641,11,default_add
311665,11,default_sub
311810,4,PCFI
312031,10,racing_day
312054,6,=JKCE}
312070,7,Day.ini
312144,4,:?%}
312306,10,racing_add
312329,10,racing_sub
312648,4,333?
312694,11,stunt_night
312734,8,Moon.ini
312807,4,333?
312955,4,333?
312971,14,citysunset_add
312998,14,citysunset_sub
313219,4,pBOx
313367,7,sunset7
313403,14,SunEvening.ini
313614,4,)\?@
313646,14,citysunset_add
313673,14,citysunset_sub
313774,4,L=jw
313821,5,PCFnw
313838,4,zElw
313996,4,fff?
314042,10,racing_day
314081,7,Day.ini
314155,4,G?Ju
314317,10,desert_add
314340,10,racing_sub
314705,11,stunt_night
314745,8,Moon.ini
314952,4,)@M_
314967,5,Qx?Dr
314982,14,citysunset_add
315009,14,citysunset_sub
315110,4,L=2r
315126,4,L=5r
315157,5,PCF6r
315174,4,zE4r
315334,4,p?Lp
315378,13,racing_cloudy
315420,7,Day.ini
315492,4,333?
315656,10,desert_add
315679,10,racing_sub
316044,9,arena_day
316082,7,day.ini
316156,4,u?ym
316318,11,default_add
316342,9,canal_sub
316706,9,arena_day
316744,7,day.ini
316980,11,default_add
317004,9,canal_sub
317084,4,L>`j
317147,5,PCFpj
317322,4,)\O?
317368,11,stunt_night
317408,8,moon.ini
317439,4,HCVh
317599,4,u>@S
317629,4,)\O?
317645,14,stuntnight_add
317672,14,stuntnight_sub
317995,4,)\O?
318041,11,stunt_night
318081,8,moon.ini
318288,4,h?ER
318318,14,stuntnight_add
318345,14,stuntnight_sub
318446,4,L=*e
318478,4,u=0e
318493,5,PCF.e
318542,4,#Cxc
318686,4,z?B4
318714,5,Night
318748,14,SunEvening.ini
318991,11,default_add
319015,11,default_sub
319335,4,ff&?
319381,11,stunt_night
319421,8,moon.ini
319452,4,HCy`
319658,14,stuntnight_add
319685,14,stuntnight_sub
320054,11,stunt_night
320094,8,moon.ini
320331,19,stuntnightwater_add
320363,19,stuntnightwater_sub
320501,4,#=I]
320516,5,PCFG]
320737,11,stunt_night
320762,5,u5CB[
320777,8,moon.ini
320808,4,HC-[
320982,4,ff&@
321014,14,stuntnight_add
321041,14,stuntnight_sub
321410,11,stunt_night
321450,8,moon.ini
321641,4,#>vC
321687,19,stuntnightwater_add
321719,19,stuntnightwater_sub
322865,4,L>.V
322881,4,#<1V
322913,4,L?5V
322959,6,fff?UV
322975,6,fff?dV
323039,6,333?jV
323057,4,k?sV
323071,6,ff&?|V
323121,4,@AgV
323169,4,@ApV
323217,4, AoV
323233,4,@?tV
323871,4,33K@
323919,8,fff?fff?
324909,4,pA*V
324925,4,*C.V
324981,4,pA#V
324997,4,zC(V
325129,4,HBOV
325145,4,Y?TV
325205,4,2CKV
325225,4,2CLV
325489,4,HC8V
325621,4,\B1V
325641,4,\B+V
325954,5,?q=j@
326725,4,0B!V
328497,4,UCIT
329847,4,333?
329879,4,ff&?
330185,4,L>7<
330315,4,333?
330347,4,333?
330589,4, AjR
330623,6,fff?iR
330695,6,333?RR
330829,4,6?+Q
330845,4,6?=Q
331263,4,fff?
331351,4,333?
331383,4,333?
331897,4, A9O
331945,4,HB?O
332051,4,null
332056,4,root
332061,4,Data
332066,10,Atmosphere
332077,5,Clear
332083,7,Default
332091,4,Grey
332096,6,Camera
332103,17,CameraDamageShake
332121,16,CarCameraTracker
332138,9,FixedHead
332148,20,GoalCameraBasketball
332169,15,GoalCameraDelay
332185,19,GoalCameraLocations
332205,17,GoalCameraTargets
332223,18,StuntCameraTracker
332242,4,Cars
332247,7,Amateur
332255,5,Car01
332261,5,Car03
332267,5,Car04
332273,5,Car05
332279,5,Car07
332285,10,Car10Bonus
332296,5,Car16
332302,5,Car19
332308,5,Car24
332314,5,Car26
332320,5,Car33
332326,8,Beginner
332335,5,Car02
332341,5,Car06
332347,5,Car08
332353,5,Car13
332359,5,Car14
332365,5,Car17
332371,10,Car18Bonus
332382,5,Car20
332388,5,Car23
332394,5,Bonus
332400,5,Car40
332406,5,Car41
332412,5,Car42
332418,5,Car43
332424,5,Car44
332430,5,Car45
332436,12,Professional
332449,5,Car09
332455,5,Car11
332461,5,Car12
332467,5,Car15
332473,5,Car21
332479,5,Car22
332485,5,Car25
332491,5,Car27
332497,5,Car28
332503,10,Car29Bonus
332514,5,Car30
332520,5,Car31
332526,5,Car32
332532,5,Car34
332538,5,Stunt
332544,5,Car35
332550,5,Car36
332556,5,Car37
332562,5,Car38
332568,5,Car39
332574,6,Effect
332581,8,BackFire
332590,5,Blast
332596,4,Body
332601,4,Dirt
332606,4,Dust
332611,13,SurfaceDebris
332625,9,TireSmoke
332635,5,Water
332641,4,Burn
332646,13,CollisionDust
332660,7,Credits
332668,6,Debris
332675,7,Emitter
332683,10,FireSimple
332702,9,FireSpray
332712,9,FireTower
332722,11,StreetSteam
332734,7,Exhaust
332742,14,ExplosionBloom
332757,4,Fire
332762,5,Flare
332768,6,AlleyA
332775,6,AlleyB
332782,15,ArenaGuidearrow
332798,10,arenalight
332809,13,ArenaRedblink
332823,14,ArenaRedblink2
332838,8,BigArrow
332847,9,BigArrowB
332857,9,Bigstatic
332867,5,Blink
332873,9,Blueblink
332883,14,CityStreetLamp
332898,10,Citytunnel
332909,12,cornermarker
332922,13,curling_arrow
332936,11,Derbystatic
332948,13,DYNGuideArrow
332962,11,Factorylamp
332974,11,Flaresquare
332986,5,flash
332992,10,GuideArrow
333003,9,Headlight
333013,6,launch
333020,11,Orangeblink
333032,19,OrangeblinkOriented
333052,14,rac_streetlamp
333067,16,racing_lightpole
333084,21,RacingLargeSpotlights
333106,15,RacingRedstatic
333122,8,Redblink
333131,14,Redracingblink
333146,9,Redstatic
333156,11,Smallstatic
333168,5,spotA
333174,8,stadiona
333183,12,stadionflash
333196,13,stadionflashb
333210,6,stairs
333217,6,Static
333224,14,StaticBigArrow
333239,10,Streetlamp
333250,7,targeta
333258,12,Trafficlight
333271,12,Warningblink
333284,5,Gamma
333290,4,xbox
333295,5,Glass
333301,6,Glass2
333308,14,GlassCarWindow
333323,14,GlobalSettings
333342,5,Nitro
333348,6,Object
333355,13,DebrisStreaks
333369,5,Spark
333375,11,PostProcess
333387,10,SmokeTrail
333398,6,Streak
333405,4,Tire
333410,5,Vapor
333416,11,WaterSplash
333428,5,Parts
333434,10,BonusCar40
333445,10,BonusCar41
333456,10,BonusCar42
333467,10,BonusCar43
333478,10,BonusCar44
333489,10,BonusCar45
333500,10,DerbyCar02
333511,10,DerbyCar06
333522,10,DerbyCar08
333533,10,DerbyCar13
333544,10,DerbyCar14
333555,10,DerbyCar17
333566,10,DerbyCar18
333577,10,DerbyCar20
333588,10,DerbyCar23
333599,9,RaceCar01
333609,9,RaceCar03
333619,9,RaceCar04
333629,9,RaceCar05
333639,9,RaceCar07
333649,9,RaceCar10
333659,9,RaceCar16
333669,9,RaceCar19
333679,9,RaceCar24
333689,9,RaceCar26
333699,9,RaceCar33
333709,11,StreetCar09
333721,11,StreetCar11
333733,11,StreetCar12
333745,11,StreetCar15
333757,11,StreetCar21
333769,11,StreetCar22
333781,11,StreetCar25
333793,11,StreetCar27
333805,11,StreetCar28
333817,11,StreetCar29
333829,11,StreetCar30
333841,11,StreetCar31
333853,11,StreetCar32
333865,11,StreetCar34
333877,8,StuntRWD
333886,12,Differential
333899,11,BrakeCurves
333911,5,Front
333917,4,Rear
333922,12,DefaultFront
333935,11,DefaultRear
333947,11,SpeedCurves
333959,14,ThrottleCurves
333974,6,Engine
333981,7,Gearbox
333989,10,Suspension
334000,8,RaceCar3
334009,6,Stunt1
334016,5,Tires
334022,10,StuntCar35
334033,10,StuntCar36
334044,10,StuntCar37
334055,10,StuntCar38
334066,10,StuntCar39
334077,19,Tires7676_schoolbus
334097,16,Tires_BonusCar41
334114,11,Tires_Car40
334126,15,Tires_SchoolBus
334142,11,Tires_Truck
334154,10,UpgradeSet
334165,11,DerbyLevel1
334177,11,DerbyLevel2
334189,11,DerbyLevel3
334201,10,RaceLevel1
334212,10,RaceLevel2
334223,10,RaceLevel3
334234,12,StreetLevel1
334247,12,StreetLevel2
334260,12,StreetLevel3
334273,7,Physics
334285,11,Steering_PC
334297,12,Steering_PS2
334310,13,Steering_Xbox
334324,9,Wheel_PS2
334334,10,Wheel_Xbox
334345,12,TireDynamics
334358,6,Forest
334365,6,Gravel
334372,6,Hazard
334383,4,Sand
334388,4,Snow
334393,11,StuntTarmac
334405,6,Tarmac
334412,7,Profile
334420,14,AI1_JackBenton
334435,8,Class[0]
334444,8,Class[1]
334453,8,Class[2]
334462,8,Class[3]
334471,14,AI2_SueO'Neill
334486,15,AI3_ValerioVega
334502,16,AI4_KatieDaggert
334519,15,AI5_PaulMcGuire
334535,12,AI6_RaySmith
334548,15,AI7_FrankMalcov
334564,9,AICatchUp
334574,10,AIHandicap
334585,5,Sound
334591,13,AudioControls
334605,8,controls
334618,9,AISamples
334628,10,CrossFader
334639,13,DamageSamples
334653,12,DamageSystem
334666,10,GearSystem
334677,10,LoadSystem
334688,7,Samples
334696,7,JATO_01
334704,7,JATO_02
334712,7,JATO_03
334720,5,Truck
334726,8,Stunt[0]
334735,9,Stunt[10]
334745,9,Stunt[11]
334755,9,Stunt[12]
334765,9,Stunt[13]
334775,8,Stunt[1]
334784,8,Stunt[2]
334793,8,Stunt[3]
334802,8,Stunt[4]
334811,8,Stunt[5]
334820,8,Stunt[6]
334829,8,Stunt[7]
334838,8,Stunt[8]
334847,8,Stunt[9]
334856,5,Track
334862,5,Arena
334868,6,Arena1
334877,10,Weather[0]
334888,10,Weather[1]
334899,10,Weather[2]
334914,6,Arena2
334921,6,Arena3
334928,6,Arena4
334935,6,Arena5
334942,6,Arena6
334949,8,BT_proto
334958,9,BT_proto1
334968,5,Canal
334974,6,Canal1
334981,4,City
334986,5,City1
334992,5,City2
334998,5,Derby
335004,6,Derby1
335011,6,Derby2
335018,6,Derby3
335025,6,Derby4
335032,6,Derby5
335039,6,Derby6
335046,6,Desert
335053,7,Desert1
335061,6,Fields
335068,7,Fields1
335076,7,Fields2
335084,7,Forest1
335092,7,Forest2
335100,10,GarageTest
335111,11,GarageTest1
335123,4,Menu
335128,5,Menu1
335134,6,Nascar
335141,7,Nascar1
335149,6,Quarry
335156,7,Quarry1
335164,6,Racing
335171,7,Racing1
335179,7,Racing2
335187,10,Weather[3]
335198,10,Weather[4]
335209,10,Weather[5]
335220,6,Stunt2
335227,4,Test
335232,5,Test1
335238,8,Test_PSP
335247,9,Test_PSP1
335257,8,Upgrades
335266,6,BodyLW
335273,12,BodyModified
335286,7,BodyPro
335294,10,BodyRacing
335305,15,ChassisModified
335321,10,ChassisPro
335332,13,ChassisRacing
335346,8,Rollcage
335355,8,Chip&DIS
335364,18,EngineBalancingKit
335383,14,Fuel&FilterKit
335398,6,Nitro1
335405,6,Nitro2
335412,6,Nitro3
335419,14,TuningModified
335434,9,TuningPro
335444,12,TuningRacing
335457,16,TurboKitModified
335474,11,TurboKitPro
335486,14,TurboKitRacing
335501,15,ExhaustModified
335517,10,ExhaustPro
335528,13,ExhaustRacing
335542,16,ManifoldModified
335559,11,ManifoldPro
335571,14,ManifoldRacing
335586,15,Clutch&Flywheel
335602,15,GearboxModified
335618,10,GearboxPro
335629,13,GearboxRacing
335643,20,AntiRollBarsModified
335664,15,AntiRollBarsPro
335680,18,AntiRollBarsRacing
335699,19,SteeringUpgModified
335719,18,SteeringUpgradePro
335738,21,SteeringUpgradeRacing
335760,18,SuspensionModified
335779,13,SuspensionPro
335793,16,SuspensionRacing
335810,11,TiresBrakes
335822,14,BrakesModified
335837,9,BrakesPro
335847,12,BrakesRacing
335860,13,TiresModified
335874,8,TiresPro
335883,11,TiresRacing
335895,7,Weather
335903,12,Arena1HotDay
335916,12,Arena2Sunset
335929,11,Arena5Night
335941,11,CanalHotDay
335953,11,CanalSunset
335965,6,City2C
335972,12,City2C_Night
335985,9,CityDay1A
335995,10,CityDay_2A
336006,10,CityDay_2B
336017,10,CityDay_2C
336028,11,CityDay_new
336040,10,CitySunset
336051,8,DerbyDay
336060,11,DerbySunset
336072,9,DesertDay
336082,10,DesertDayB
336093,10,DesertDusk
336104,8,FieldDay
336113,9,FieldDay2
336123,10,FieldDay2A
336134,13,FieldsMorning
336148,8,Forest1A
336157,8,Forest1B
336166,8,Forest1C
336175,8,Forest2A
336184,8,Forest2B
336193,6,HotDay
336200,14,Nascar_Night_2
336215,9,NascarDay
336225,12,NascarNight1
336238,8,Racing1A
336247,14,Racing1B_Night
336262,15,Racing1C_Sunset
336278,8,Racing2A
336287,14,Racing2C_Night
336302,9,RacingDay
336312,8,StuntDay
336321,9,StuntDay2
336331,11,StuntNight1
336343,11,StuntNight2
336355,17,StuntNight_Lamput
336373,16,StuntNightBasket
336390,14,StuntNightCurl
336405,13,StuntNightSki
336419,15,StuntNightWater
336435,9,Developer
336445,8,DebugLog
336454,8,Settings
336463,8,FlatOut2
336472,8,Profiles
336481,7,Derbies
336489,11,DerbyDamage
336501,13,FunnyMissions
336515,11,GlobalRules
336531,12,HUDParticles
336544,10,HunterPrey
336555,8,MenuTabs
336564,14,CurrentResults
336579,12,FinalResults
336592,12,SoundOptions
336605,20,MultiplayerResultsUI
336626,10,RaceDamage
336637,5,Races
336643,7,Ragdoll
336651,10,Aftertouch
336662,6,Launch
336669,8,Baseball
336678,10,Basketball
336689,7,Bowling
336697,7,Curling
336705,5,Darts
336711,9,FieldGoal
336721,8,HighJump
336730,10,RingOfFire
336741,10,RoyalFlush
336752,7,SkiJump
336760,6,Soccer
336767,13,StoneSkipping
336781,5,Nudge
336787,13,UpgradeLevels
336801,14,AtmosphereFile
336816,9,min input
336826,9,max input
336836,11,scale input
336848,11,spring coef
336860,11,spring damp
336872,11,roll factor
336884,15,vertical factor
336900,24,vertical velocity scalar
336925,21,vertical velocity min
336947,21,vertical velocity max
336969,13,rotate factor
336983,16,Location Scale X
337000,16,Location Scale Y
337017,16,Location Scale Z
337034,17,Direction Scale X
337052,17,Direction Scale Z
337070,18,Direction Offset X
337089,18,Direction Offset Z
337108,12,heightOffset
337121,8,fovScale
337130,5,darts
337136,10,blackDanny
337147,8,highJump
337156,10,basketBall
337167,6,soccer
337174,7,bowling
337182,9,fieldGoal
337192,7,curling
337200,7,soccer0
337208,7,soccer1
337216,7,soccer2
337224,7,soccer3
337232,15,camera distance
337248,15,min tilt height
337264,15,max tilt height
337280,14,max tilt angle
337295,12,CenterOfMass
337308,17,CenterOfDownforce
337326,12,DriverAnimId
337339,9,DriverLoc
337349,4,Mass
337354,15,MassFudgeFactor
337370,10,Durability
337381,18,SubjectiveHandling
337400,10,SpeedLimit
337411,11,EngineSound
337423,5,Price
337429,4,Name
337434,8,DataPath
337443,5,Class
337449,16,WindowBrightness
337466,5,Count
337472,13,MinScreenSize
337486,11,Propability
337498,8,Lifetime
337507,10,AngleSpeed
337518,4,Size
337523,4,Grow
337528,13,MinTurbulence
337542,18,AddSpeedTurbulence
337561,17,AddLoadTurbulence
337579,11,MinVelocity
337591,15,AddLoadVelocity
337607,7,Damping
337615,8,MinAlpha
337624,12,AddLoadAlpha
337637,8,FadePeak
337646,5,Alpha
337652,16,NumRingParticles
337669,14,NumFirePerTick
337684,16,FireOffsetByTime
337701,12,FireVelocity
337714,10,BlastSpeed
337725,14,UnitBlastForce
337740,8,RingLife
337749,8,RingGrow
337758,10,SmokeCount
337769,9,SmokeSize
337779,9,SmokeLife
337789,9,SmokeGrow
337799,12,SmokeUpwards
337812,10,SmokeAlpha
337823,13,SmokeFadePeak
337837,11,SmokeDampen
337849,7,Enabled
337857,14,MinEmitAtSpeed
337872,7,Gravity
337880,11,UpwardsBase
337892,18,UpwardsPerVelocity
337911,12,FollowLinear
337924,6,Spread
337931,18,FireStartThreshold
337950,14,FireIterations
337965,10,FireRadius
337976,17,FireSizePerRadius
337994,14,FireUpVelocity
338009,9,FireAlpha
338019,8,FireLife
338028,8,FireGrow
338037,14,FireAngleSpeed
338052,15,SmokeIterations
338068,11,SmokeSpread
338080,18,SmokeSizePerRadius
338099,15,SmokeAngleSpeed
338115,15,SmokeUpVelocity
338131,18,SmokeAccelVelocity
338150,14,SmokeToneRange
338165,17,SmokeSpeedFalloff
338183,13,FireSpeedFade
338197,13,FireSpeedLife
338211,16,FireSpeedQuicken
338228,15,AmountRandomize
338244,14,SmokeSpeedFade
338259,14,SmokeSpeedLife
338274,17,SmokeSpeedQuicken
338292,7,Spacing
338300,6,Follow
338307,13,SizePerRadius
338321,13,AccelerationY
338335,10,ColorRange
338346,14,NormalVelocity
338361,14,UpwardsPerGrow
338376,7,Effect0
338384,7,Effect1
338392,7,Effect2
338400,7,Effect3
338408,13,LayerDuration
338422,10,VideoAlpha
338433,15,BackgroundColor
338449,18,FadeInOutFractions
338468,7,HeaderX
338476,5,TextX
338482,13,HeaderSpacing
338496,11,LineSpacing
338508,12,ShadowOffset
338521,11,ShadowAlpha
338533,11,ScrollSpeed
338545,14,ScrollFontSize
338560,24,HorizontalScrollDistance
338585,19,CountPerHitVelocity
338605,8,MinCount
338614,8,MaxCount
338623,4,Life
338628,6,Prefix
338635,11,BoundRadius
338647,5,Shape
338653,4,Area
338658,6,Enable
338665,9,Billboard
338675,11,AngleSpeed1
338687,11,AngleSpeed2
338699,8,Velocity
338708,15,AccelerationMin
338724,15,AccelerationMax
338740,19,GlobalParticleColor
338760,8,ColorMin
338769,8,ColorMax
338778,9,MappingU0
338788,9,MappingV0
338798,12,MappingWidth
338811,13,MappingHeight
338825,14,MappingColumns
338840,11,MappingRows
338852,16,TextureAnimation
338869,6,Radius
338876,10,DurationMs
338887,10,BloomColor
338898,14,BloomTolerance
338913,10,BloomScale
338924,10,DecayPower
338935,16,CameraShakeScale
338952,6,SizeXY
338959,8,Oriented
338968,14,AnimSmoothLoop
338983,14,AnimSpeedShift
338998,8,AnimWave
339007,9,MappingUV
339017,14,AngleSharpness
339032,15,AnimPhaseLength
339048,13,RotationSpeed
339062,14,RGB_Multiplier
339077,10,RGB_Offset
339088,22,NonAnimatedPropability
339111,17,ParticleFillLimit
339129,14,CountPerVolume
339144,7,Upwards
339152,18,BaseSpreadVelocity
339171,20,HitVelocityThreshold
339192,18,ObjectRadiusFactor
339211,11,RadiusRange
339223,18,ObjectImpactFactor
339242,11,AmountScale
339254,9,RandomPos
339264,9,HitSpread
339274,12,BloomDisable
339287,9,BloomShow
339297,18,BloomFromLuminance
339316,22,BloomMonochromeCombine
339339,11,BloomPasses
339351,14,BloomIntensity
339366,16,BloomDownsampled
339383,14,RadialBlurShow
339398,16,RadialBlurPasses
339415,19,RadialBlurZoomStart
339435,24,RadialBlurZoomMultiplier
339460,20,RadialBlurZoomCenter
339481,18,RadialBlurStrength
339500,11,ColorFilter
339512,17,NormalVelocityMul
339530,10,UpVelocity
339541,9,Backwards
339551,11,MoveInwards
339563,15,VelocityInwards
339579,20,MaxScratchIterations
339600,12,ExplosionMul
339613,16,MaxHitIterations
339630,10,StartAngle
339641,18,UpGainFromStateMin
339660,21,UpGainFromStateMaxMin
339682,14,UpGainConstant
339697,20,PropabilityFromState
339718,16,PropabilityRange
339735,4,Slip
339740,16,FollowRotational
339757,16,OutwardsVelocity
339774,17,MasterPropability
339792,12,MinEmitAlpha
339805,13,DelayDistance
339819,11,DelayTimeMs
339831,13,FollowEmitter
339845,12,NumParticles
339858,10,VelocityUp
339869,14,VelocitySpread
339884,9,Fade peak
339894,5,Color
339900,12,SplashRadius
339913,9,RingSpeed
339923,12,RingLifetime
339936,8,RingSize
339945,17,PeakVolumeAtForce
339963,24,ArcadeSteerBalanceFactor
339988,22,ArcadeSteerBalanceRate
340011,16,ArcadeBrakePower
340028,17,SuspensionBalance
340046,19,SlideControlBalance
340066,26,SlideControlFrontReduction
340093,25,SlideControlRearReduction
340119,17,AntiSpinReduction
340137,8,AeroDrag
340146,11,AeroDragLoc
340158,14,DownforceConst
340173,15,TireTurnAngleIn
340189,16,TireTurnAngleOut
340206,12,BrakeBalance
340219,11,BrakeTorque
340231,15,HandBrakeTorque
340247,13,FrontTraction
340261,12,RearTraction
340274,17,FrontDifferential
340292,16,RearDifferential
340309,5,Value
340315,9,MaxTorque
340325,7,Inertia
340333,8,Throttle
340342,5,Brake
340348,5,Speed
340354,12,PeakPowerRpm
340367,9,PeakPower
340377,13,PeakTorqueRpm
340391,10,PeakTorque
340402,10,RedLineRpm
340413,8,RpmLimit
340422,12,ZeroPowerRpm
340435,7,IdleRpm
340443,12,NitroStorage
340456,17,NitroAcceleration
340474,17,TurboAcceleration
340492,13,InertiaEngine
340506,14,EngineFriction
340521,5,GearR
340527,5,Gear1
340533,5,Gear2
340539,5,Gear3
340545,5,Gear4
340551,5,Gear5
340557,5,Gear6
340563,8,NumGears
340572,8,EndRatio
340581,16,ClutchEngageTime
340598,17,ClutchReleaseTime
340616,12,ClutchTorque
340629,16,FrontIndependent
340646,14,FrontMinLength
340661,14,FrontMaxLength
340676,15,FrontRestLength
340692,23,FrontDefaultCompression
340716,13,FrontBumpDamp
340730,16,FrontReboundDamp
340747,17,FrontBumperLength
340765,16,FrontBumperConst
340782,22,FrontBumperRestitution
340805,21,FrontRollbarStiffness
340827,16,FrontCamberAngle
340844,19,FrontCamberChangeUp
340864,21,FrontCamberChangeDown
340886,19,FrontCamberChangeIn
340906,20,FrontCamberChangeOut
340927,15,RearIndependent
340943,13,RearMinLength
340957,13,RearMaxLength
340971,14,RearRestLength
340986,22,RearDefaultCompression
341009,12,RearBumpDamp
341022,15,RearReboundDamp
341038,16,RearBumperLength
341055,15,RearBumperConst
341071,21,RearBumperRestitution
341093,20,RearRollbarStiffness
341114,15,RearCamberAngle
341130,18,RearCamberChangeUp
341149,20,RearCamberChangeDown
341170,18,RearCamberChangeIn
341189,19,RearCamberChangeOut
341209,11,FrontRadius
341221,10,FrontWidth
341232,9,FrontMass
341242,20,FrontMomentOfInertia
341263,19,FrontSuspensionLift
341283,10,RearRadius
341294,9,RearWidth
341304,8,RearMass
341313,19,RearMomentOfInertia
341333,18,RearSuspensionLift
341352,17,RollingResistance
341370,11,InducedDrag
341382,14,PneumaticTrail
341397,15,PneumaticOffset
341413,16,OptimalSlipRatio
341430,16,OptimalSlipAngle
341447,15,OptimalSlipLoad
341463,17,OptimalLoadFactor
341481,9,XFriction
341491,9,ZFriction
341501,6,MeshId
341508,6,SkinId
341515,11,Sensitivity
341527,14,MinAnalogSpeed
341542,14,MaxAnalogSpeed
341557,10,MinAtDelta
341568,10,MaxAtDelta
341579,14,CenteringSpeed
341594,17,SteeringLimitRate
341612,17,SteeringSpeedRate
341630,18,SteeringLimitSpeed
341649,16,DigitalThreshold
341666,15,MinDigitalSpeed
341682,15,MaxDigitalSpeed
341698,16,InducedDragCoeff
341715,10,ZStiffness
341726,10,XStiffness
341737,10,CStiffness
341748,13,FrictionBoost
341762,15,SlideUnderSteer
341778,12,SlideControl
341791,10,UnderSteer
341802,8,SlowDown
341811,8,AntiSpin
341820,6,CarNum
341827,4,Skin
341832,13,CharacterType
341846,15,CharacterSkinId
341862,10,Aggression
341873,14,BumpAggression
341888,15,BlockAggression
341904,18,OvertakeAggression
341923,13,ThrottleLimit
341937,14,HandicapRacing
341952,16,HandicapOffTrack
341969,16,HandicapAirborne
341986,13,CatchUpRacing
342000,15,CatchUpOffTrack
342016,15,CatchUpAirborne
342032,12,LookAheadMin
342045,12,LookAheadMax
342058,17,LookAheadModifier
342076,15,UnderSteerRange
342092,14,OverSteerRange
342107,12,SpinOutRange
342120,12,NeutralSlide
342133,16,NeutralBrakeTime
342150,12,MinBrakeTime
342163,12,MaxBrakeTime
342176,18,SlideFrictionScale
342195,18,BrakeFrictionScale
342214,14,FrictionAdjust
342229,13,HandicapAhead
342243,14,HandicapBehind
342258,9,Avoidance
342268,14,DamageReaction
342283,14,DamageRecovery
342298,10,NitroUsage
342309,9,NitroScan
342319,11,UseAltRoute
342331,17,DerbyFavourCenter
342349,17,DerbyTargetPlayer
342367,20,DerbyExitCruiseSpeed
342388,5,CoefP
342394,5,CoefI
342400,5,CoefD
342406,10,CatchUpMul
342417,11,HandicapMul
342429,16,MagnetSpeedLimit
342446,24,MagnetDistanceLimitAhead
342471,25,MagnetDistanceLimitBehind
342497,16,MagnetSpeedRatio
342514,12,DefaultTurbo
342527,18,RLMagnetSpeedLimit
342546,11,RLMagnetMul
342558,12,CatchUpRange
342571,18,CatchUpNitroLapMul
342590,13,HandicapRange
342604,18,HandicapSpeedLimit
342623,16,HandicapRangeMul
342640,12,EngineSounds
342653,12,ImpactSounds
342666,13,SurfaceSounds
342680,11,DriveSounds
342692,9,RPMSmooth
342702,14,ThrottleSmooth
342717,17,EngineMinDistance
342735,20,GearShiftMinDistance
342756,13,GearShiftGain
342770,6,MinRPM
342777,6,MaxRPM
342784,14,RPM_WobbleRate
342799,14,RPM_WobbleDrop
342814,22,RPM_WobbleDamageEffect
342837,13,RPM_Curve_Low
342851,14,RPM_Curve_High
342866,5,IsJet
342872,6,OnLoad
342879,7,OffLoad
342887,9,OnLoadRPM
342897,10,OffLoadRPM
342908,8,Idle_RPM
342917,10,OffLow_RPM
342928,9,OnLow_RPM
342938,10,OffMid_RPM
342949,9,OnMid_RPM
342959,11,OffHigh_RPM
342971,10,OnHigh_RPM
342982,9,RPMXFader
342992,10,LoadXFader
343003,8,Sample01
343012,8,Sample02
343021,8,Sample03
343030,8,Sample04
343039,8,Sample05
343048,8,Sample06
343057,11,SampleCount
343069,4,Gain
343074,10,GainRandom
343085,11,PitchRandom
343097,7,SyncRPM
343105,8,TimeStep
343114,10,TimeRandom
343125,11,GearInertia
343137,9,RevsClimb
343147,11,SteadyState
343159,13,ThrottleScale
343173,17,AccelerationScale
343191,10,IdleSample
343202,15,GearShiftSample
343218,15,NitroShotSample
343234,15,NitroLoopSample
343250,6,OffLow
343257,6,OffMid
343264,7,OffHigh
343272,5,OnLow
343278,5,OnMid
343284,6,OnHigh
343291,9,StuntName
343301,12,TutorialFile
343314,15,MaxScoreSuccess
343330,15,MinScoreSuccess
343346,15,MaxScoreFailure
343362,15,MinScoreFailure
343378,8,RoundOff
343387,12,Player1_Mean
343400,13,Player1_StDev
343414,16,Player1_FailProb
343431,12,Player2_Mean
343444,13,Player2_StDev
343458,16,Player2_FailProb
343475,12,Player3_Mean
343488,13,Player3_StDev
343502,16,Player3_FailProb
343519,12,Player4_Mean
343532,13,Player4_StDev
343546,16,Player4_FailProb
343563,12,Player5_Mean
343576,13,Player5_StDev
343590,16,Player5_FailProb
343607,12,Player6_Mean
343620,13,Player6_StDev
343634,16,Player6_FailProb
343651,12,Player7_Mean
343664,13,Player7_StDev
343678,16,Player7_FailProb
343695,13,MaxVisibility
343709,20,MaxVisibilityDynamic
343730,16,TreeSettingsFile
343747,17,PlantSettingsFile
343765,10,MapTopLeft
343776,14,MapBottomRight
343791,14,HorizonTexture
343806,10,Reflection
343817,10,DefaultEAX
343828,10,WaterPlane
343839,4,Icon
343844,5,Image
343850,11,Description
343862,9,MenuIndex
343872,5,Group
343878,5,Level
343884,10,NitroPower
343895,9,NitroSize
343905,11,EngineTurbo
343917,11,EngineCurve
343929,12,EngineTorque
343942,14,EngineFlywheel
343957,6,Weight
343964,8,Handling
343973,6,Brakes
343980,6,Arcade
343987,7,Rollbar
343995,12,Aerodynamics
344008,11,SunPosition
344020,11,SunAngleDeg
344032,8,SunColor
344041,12,SunIntensity
344054,12,AmbientColor
344067,16,AmbientIntensity
344084,16,MaxOverBrighting
344101,11,SkyDomeFile
344113,13,SkyDomeOffset
344127,9,FlareFile
344137,13,FlarePosition
344151,13,SpecularColor
344165,17,SpecularIntensity
344183,13,SkidmarkColor
344197,13,ParticleColor
344211,10,ColorBloom
344222,18,LuminanceFilterAdd
344241,18,LuminanceFilterSub
344260,14,GlobalColorAdd
344275,14,GlobalColorSub
344290,27,LuminanceFilterAddIntensity
344318,27,LuminanceFilterSubIntensity
344346,18,GlobalAddIntensity
344365,18,GlobalSubIntensity
344384,13,HorizonRadius
344398,13,HorizonHeight
344412,11,HorizonBase
344424,13,HorizonOffset
344438,9,DebugMask
344448,4,Laps
344453,7,CarSkin
344464,7,Overlay
344472,4,Race
344477,9,CarDamage
344487,11,CarWrecking
344499,9,CarPanels
344509,9,FullNitro
344519,13,ImperialUnits
344533,15,DisableDebugLog
344549,7,Upgrade
344557,20,FlipMinCrashVelocity
344578,20,FlipContactThreshold
344599,21,FlipPiggybagThreshold
344621,23,RagdollMinCrashVelocity
344645,23,RagdollContactThreshold
344669,24,RagdollPiggybagThreshold
344694,21,WreckMinCrashVelocity
344716,21,WreckContactThreshold
344738,22,WreckPiggybagThreshold
344761,20,WhammoCrashVelocity1
344782,22,PowerHitCrashVelocity1
344805,22,BlastOutCrashVelocity1
344828,27,CausedDamagePercentPerPoint
344856,11,WreckPoints
344868,10,BonusFirst
344879,11,BonusSecond
344891,10,BonusThird
344902,15,InactivityTimer
344918,10,FastSolveC
344929,18,FastSolveMinDamage
344948,18,FastSolveMaxDamage
344967,16,PlayerDamageRate
344984,17,VisualDamageScale
345002,30,CarVisualDurabilityDamageScale
345033,30,ObjVisualDurabilityDamageScale
345064,30,EnvVisualDurabilityDamageScale
345095,14,CarDamageScale
345110,14,ObjDamageScale
345125,14,EnvDamageScale
345140,24,CarDurabilityDamageScale
345165,24,ObjDurabilityDamageScale
345190,24,EnvDurabilityDamageScale
345215,8,CarArmor
345224,8,ObjArmor
345233,8,EnvArmor
345242,18,CarDurabilityArmor
345261,18,ObjDurabilityArmor
345280,18,EnvDurabilityArmor
345299,14,BodyDamageRate
345314,16,EngineDamageRate
345331,14,TireDamageRate
345346,20,TireReleaseTolerance
345367,21,CarRagdollDamageScale
345389,21,ObjRagdollDamageScale
345411,21,EnvRagdollDamageScale
345433,31,CarRagdollDurabilityDamageScale
345465,31,ObjRagdollDurabilityDamageScale
345497,31,EnvRagdollDurabilityDamageScale
345529,26,RagdollSideLaunchTolerance
345556,29,RagdollFrontalLaunchTolerance
345586,15,RagdollEjectVel
345602,14,SmokeMinDamage
345617,16,SmokeAmountRange
345634,18,SmokeWreckedAmount
345653,13,NumFastestLap
345667,7,NumSlam
345675,11,NumCrashOut
345687,14,NumBestWrecker
345702,11,NumDerbyWin
345714,19,NumStunt2ndOrBetter
345734,11,GhostTimeMs
345746,24,MaxSpeedWhenResetAllowed
345771,10,ResetSpeed
345782,24,GlobalCarMassFudgeFactor
345807,25,PlayerVsAIMassFudgeFactor
345833,29,DerbyStandingStillResetTimeMs
345863,23,DerbyStandingStillSpeed
345887,24,DerbyStartImmunityTimeMs
345912,27,DerbyResetThrottleThreshold
345940,24,DerbyResetThrottleTimeMs
345965,23,TireContactSwitchTimeMs
345989,15,ViewportPadding
346005,11,MeterOffset
346017,17,MeterCenterOffset
346035,11,NeedlePivot
346047,17,NeedleAngleMinMax
346065,13,NitroBarPivot
346079,16,NitroBarAddPivot
346096,19,NitroBarAngleMinMax
346116,13,NitroEmitDist
346130,14,NitroFlameDist
346145,15,NitroFlameScale
346161,17,NitroFlameDensity
346179,14,NitroFlameRate
346194,21,NitroFlameStartOffset
346216,19,NitroFlameEndOffset
346236,17,SSNitroFlameScale
346254,23,SSNitroFlameStartOffset
346278,21,SSNitroFlameEndOffset
346300,15,NitroFlameStart
346316,13,NitroFlameEnd
346330,17,NitroFlameDistort
346348,15,NitroGainOffset
346364,10,GearOffset
346375,11,SpeedOffset
346387,13,UnitTopOffset
346401,16,UnitBottomOffset
346418,13,SSMeterOffset
346432,13,SSSpeedOffset
346446,12,DamageOffset
346459,16,DamageBaseOffset
346476,16,DamageFaceOffset
346493,15,DamageBarOffset
346509,16,DamageNameOffset
346526,14,DamageFadeSize
346541,14,DamageFadeTime
346556,13,DamageMinTime
346570,18,DamageDestroyDelay
346589,14,DamageScanDist
346604,15,DamageScanAngle
346620,19,DamageScanCloseDist
346640,11,CrashOffset
346652,16,CrashIconYOffset
346669,11,StuntOffset
346681,15,StuntBaseOffset
346697,16,StuntMeterOffset
346714,21,StuntMeterAngleOffset
346736,17,StuntNeedleOffset
346754,16,StuntNeedlePivot
346771,16,StuntAngleMinMax
346788,16,StuntAngleOffset
346805,22,StuntAngleNumberOffset
346828,19,StuntControlsOffset
346848,21,StuntAftertouchOffset
346870,16,StuntArrowOffset
346887,16,StuntNudgeOffset
346904,22,StuntNudgeButtonOffset
346927,13,RaceMapOffset
346941,11,RaceMapSize
346953,15,RaceMapIconSize
346969,19,RaceMapViewDistance
346989,14,DerbyMapOffset
347004,12,DerbyMapSize
347017,16,DerbyMapIconSize
347034,20,DerbyMapViewDistance
347055,16,PlayerListOffset
347072,19,PlayerListNameYSize
347092,16,PlayerListYExtra
347109,24,PlayerListVoiceShowDelay
347134,24,PlayerListVoiceHideDelay
347159,22,DamageIndicatorMaxDist
347182,20,DamageIndicatorScale
347203,22,DamageIndicatorYOffset
347226,20,DamageIndicatorAlpha
347247,14,BGBarLeftWidth
347262,15,BGBarRightWidth
347278,19,BGStuntBarLeftWidth
347298,20,BGStuntBarRightWidth
347319,19,BGDerbyBarLeftWidth
347339,20,BGDerbyBarRightWidth
347360,18,BGTestBarLeftWidth
347379,19,BGTestBarRightWidth
347399,12,BGBarYOffset
347412,14,SSBGBarYOffset
347427,12,BGBarPadding
347440,23,RacePositionTitleOffset
347464,18,RacePositionOffset
347483,18,RaceLapTitleOffset
347502,13,RaceLapOffset
347516,18,RaceBigFontYOffset
347535,11,RaceLapTime
347547,15,RaceLapDistance
347563,15,RaceInfoYOffset
347579,21,StuntRoundTitleOffset
347601,16,StuntRoundOffset
347618,21,StuntScoreTitleOffset
347640,16,StuntScoreOffset
347657,16,BonusMessageTime
347674,13,BowlingOffset
347688,13,CurlingOffset
347702,12,SoccerOffset
347715,14,SoccerGoalRect
347730,18,SoccerGoalieXRange
347749,19,SoccerGoalieYOffset
347769,11,CardsOffset
347781,14,CardSuitOffset
347796,16,CardNumberOffset
347813,15,CardBonusOffset
347829,14,CardBonusWidth
347844,14,CardBonusYSize
347859,11,DartsOffset
347871,16,DartsSinglePivot
347888,16,DartsDoublePivot
347905,16,DartsTriplePivot
347922,22,DartsSingleHilitePivot
347945,22,DartsDoubleHilitePivot
347968,22,DartsTripleHilitePivot
347991,16,DerbyMeterOffset
348008,17,DerbyDamageOffset
348026,16,DerbyNitroOffset
348043,16,DerbySpeedOffset
348060,13,DerbyBGOffset
348074,25,DerbyRemainingTitleOffset
348100,20,DerbyRemainingOffset
348121,20,DerbyTimeTitleOffset
348142,15,DerbyTimeOffset
348158,18,TestCarTitleOffset
348177,13,TestCarOffset
348191,23,TestTopSpeedTitleOffset
348215,18,TestTopSpeedOffset
348234,19,LiveFriendNotifyPos
348254,19,LiveInviteNotifyPos
348274,18,ConnectMessageTime
348293,17,DerbyTimeLeftTime
348311,22,StuntTutorialHeaderPos
348334,20,StuntBufferingOffset
348355,24,StuntBufferingIconOffset
348380,19,CrashPiecesPerPixel
348400,20,CrashPiecesMinPixels
348421,14,CrashMaxPieces
348436,15,CrashPieceSpeed
348452,21,CrashPieceScaleMinMax
348474,21,CrashPieceRotationMax
348496,17,CrashPieceGravity
348514,18,CrashPieceLifeTime
348533,19,CrashPieceFadeStart
348553,19,CrashSparksPerPixel
348573,20,CrashSparksMinPixels
348594,14,CrashMaxSparks
348609,15,CrashSparkSpeed
348625,21,CrashSparkScaleMinMax
348647,21,CrashSparkRotationMax
348669,17,CrashSparkGravity
348687,18,CrashSparkLifeTime
348706,19,CrashSparkFadeStart
348726,16,HunterChangeTime
348743,14,PreyChangeTime
348758,17,TitleTextPosition
348776,18,TitleTextPaletteId
348795,10,RowAdvance
348806,14,LeftBar_LeftUp
348821,16,LeftBar_LeftDown
348838,15,LeftBar_RightUp
348854,17,LeftBar_RightDown
348872,15,RightBar_LeftUp
348888,17,RightBar_LeftDown
348906,16,RightBar_RightUp
348923,18,RightBar_RightDown
348942,16,LeftBarRowAdjust
348959,17,RightBarRowAdjust
348977,16,LeftBarPaletteId
348994,12,LeftBarAlpha
349007,24,LeftBarSelectedPaletteId
349032,20,LeftBarSelectedAlpha
349053,17,RightBarPaletteId
349071,13,RightBarAlpha
349085,25,RightBarSelectedPaletteId
349111,21,RightBarSelectedAlpha
349133,20,PositionTextPosition
349154,21,PositionTextRowAdjust
349176,21,PositionTextPaletteId
349198,17,PositionTextAlpha
349216,29,PositionTextSelectedPaletteId
349246,25,PositionTextSelectedAlpha
349272,18,PlayerTextPosition
349291,19,PlayerTextRowAdjust
349311,19,PlayerTextPaletteId
349331,15,PlayerTextAlpha
349347,27,PlayerTextSelectedPaletteId
349375,23,PlayerTextSelectedAlpha
349399,17,RowStartPositionY
349417,9,BarHeight
349427,12,BarPaletteId
349440,8,BarAlpha
349449,20,BarSelectedPaletteId
349470,16,BarSelectedAlpha
349487,20,ColumnTitlePaletteId
349508,16,ColumnTitleAlpha
349525,15,CarTextPosition
349541,16,CarTextPaletteId
349558,12,CarTextAlpha
349571,24,CarTextSelectedPaletteId
349596,20,CarTextSelectedAlpha
349617,19,BestLapTextPosition
349637,20,BestLapTextPaletteId
349658,16,BestLapTextAlpha
349675,28,BestLapTextSelectedPaletteId
349704,24,BestLapTextSelectedAlpha
349729,16,TimeTextPosition
349746,17,TimeTextPaletteId
349764,13,TimeTextAlpha
349778,25,TimeTextSelectedPaletteId
349804,21,TimeTextSelectedAlpha
349826,11,TextAdjustY
349838,19,PositionTextAdjustX
349858,17,PlayerTextAdjustX
349876,14,CarTextAdjustX
349891,18,BestLapTextAdjustX
349910,15,TimeTextAdjustX
349926,20,CupPointsTextAdjustX
349947,17,CupPointsPosition
349965,18,CupPointsPaletteId
349984,14,CupPointsAlpha
349999,26,CupPointsSelectedPaletteId
350026,22,CupPointsSelectedAlpha
350049,26,ParameterTitleTextPosition
350076,27,ParameterTitleTextRowAdjust
350104,27,ParameterTitleTextPaletteId
350132,23,ParameterTitleTextAlpha
350156,35,ParameterTitleTextSelectedPaletteId
350192,31,ParameterTitleTextSelectedAlpha
350224,21,ParameterTextPosition
350246,22,ParameterTextRowAdjust
350269,22,ParameterTextPaletteId
350292,18,ParameterTextAlpha
350311,30,ParameterTextSelectedPaletteId
350342,26,ParameterTextSelectedAlpha
350369,14,SliderPosition
350384,10,SliderSize
350395,15,SliderRowAdjust
350411,25,SliderBackgroundPaletteId
350437,21,SliderBackgroundAlpha
350459,20,SliderValuePaletteId
350480,16,SliderValueAlpha
350497,33,SliderBackgroundSelectedPaletteId
350531,29,SliderBackgroundSelectedAlpha
350561,28,SliderValueSelectedPaletteId
350590,24,SliderValueSelectedAlpha
350615,12,NumberColPos
350628,10,NameColPos
350639,9,CarColPos
350649,13,BestLapColPos
350663,10,LastColPos
350674,22,WreckingDerby1stColPos
350697,22,WreckingDerby2ndColPos
350720,22,WreckingDerby3rdColPos
350743,18,FragDerby1stColPos
350762,18,FragDerby2ndColPos
350781,18,FragDerby3rdColPos
350800,16,Curling1stColPos
350817,17,Highjump1stColPos
350835,22,StoneSkipping1stColPos
350858,19,RingOfFire1stColPos
350878,14,Darts1stColPos
350893,19,BlackDanny1stColPos
350913,19,BlackDanny2ndColPos
350933,19,BlackDanny3rdColPos
350953,16,SkiJump1stColPos
350970,18,FieldGoal1stColPos
350989,16,Bowling1stColPos
351006,19,Basketball1stColPos
351026,17,Baseball1stColPos
351044,15,Soccer1stColPos
351060,14,TitlePaletteId
351075,10,TitleAlpha
351086,13,BalkPaletteId
351100,9,BalkAlpha
351110,22,BalkHighlightPaletteId
351133,18,BalkHighlightAlpha
351152,12,DNFPaletteId
351165,8,DNFAlpha
351174,14,LabelPaletteId
351189,10,LabelAlpha
351200,13,ListPaletteId
351214,9,ListAlpha
351224,10,RowAdjustX
351235,16,ResultRowAdjustX
351252,16,NumberColAdjustX
351269,14,NameColAdjustX
351284,15,NumberPaletteId
351300,11,NumberAlpha
351312,14,RagdollingGain
351327,16,RegenerationRate
351344,20,RegenerationRateTest
351365,16,AirtimeTolerance
351382,11,AirtimeRate
351394,14,CarCrashMinVel
351409,14,CarCrashMaxVel
351424,12,CarCrashGain
351437,17,ObjectBonusFactor
351455,18,OnlineTimeToFinish
351474,4,Head
351479,10,UpperTorso
351490,10,LowerTorso
351501,9,UpperArmL
351511,9,LowerArmL
351521,9,UpperArmR
351531,9,LowerArmR
351541,9,UpperLegL
351551,9,LowerLegL
351561,9,UpperLegR
351571,9,LowerLegR
351581,5,Timer
351587,13,TimerSlowdown
351601,8,MinAngle
351610,8,MaxAngle
351619,11,PowerMulLow
351631,12,PowerMulHigh
351644,11,CarPowerMul
351656,11,CarPowerAdd
351668,9,NumNudges
351678,10,NudgePower
351689,15,AftertouchPower
351705,18,AftertouchSlowdown
351724,12,ExtraGravity
351737,4,Wind
351742,16,MinWaterVelocity
351759,13,MaxWaterAngle
351773,12,MinWaterTime
351786,8,Buoyancy
351795,9,WaterDrag
351805,13,RoundEndDelay
351819,16,RoundEndSkipTime
351836,12,RoundMaxTime
351849,16,RoundDisplayTime
351866,16,CurlingMaxPoints
351883,18,StoneSkippingBonus
351902,17,StoneSkippingTime
351920,20,RingOfFireRingPoints
351941,21,RingOfFireBonusPoints
351963,23,RingOfFireCooldownBonus
351987,19,ConveyerRestoreTime
352007,16,ConveyerStrength
352024,20,ConveyerLiftStrength
352045,17,BasketballDunkPts
352063,17,BasketballDunkVel
352081,22,BaseballBatStrengthMul
352104,19,BaseballBatExpConst
352124,12,SoccerPoints
352137,14,SoccerExpConst
352152,13,SoccerMinDist
352166,13,SoccerMaxDist
352180,18,GoalieAcceleration
352199,14,GoalieMaxSpeed
352214,19,GoalieReactDistance
352234,16,SingleRacePlayer
352251,12,SingleRaceAI
352264,19,InstantActionPlayer
352284,15,InstantActionAI
352300,17,SplitScreenPlayer
352318,13,SplitScreenAI
